Won,Year,League,Rank,Name,Tm,Vote Pts,1st Place,Share,WAR,W,L,W-L%,ERA,G,GS,GF,CG,SHO,SV,IP,H,R,ER,HR,BB,IBB,SO,HBP,BK,WP,BF,WHIP,ERA+
1,2020,AL,1,Shane Bieber,CLE,210,30,100%,3.2,8,1,0.889,1.63,12,12,0,0,0,0,77.1,46,15,14,7,21,0,122,1,0,5,297,0.866,281
0,2020,AL,2,Kenta Maeda,MIN,92,0,44%,1.4,6,1,0.857,2.7,11,11,0,0,0,0,66.2,40,20,20,9,10,0,80,0,0,0,248,0.75,157
0,2020,AL,3,Hyun Jin Ryu,TOR,51,0,24%,2.9,5,2,0.714,2.69,12,12,0,0,0,0,67,60,22,20,6,17,0,72,1,0,1,275,1.149,162
0,2020,AL,4,Gerrit Cole,NYY,50,0,24%,2.1,7,3,0.7,2.84,12,12,0,2,1,0,73,53,27,23,14,17,0,94,2,0,2,288,0.959,151
0,2020,AL,5,Dallas Keuchel,CHW,46,0,22%,2.1,6,2,0.75,1.99,11,11,0,0,0,0,63.1,52,15,14,2,17,0,42,0,0,0,257,1.089,221
0,2020,AL,6,Lance Lynn,TEX,22,0,10%,2.5,6,3,0.667,3.32,13,13,0,1,0,0,84,64,34,31,13,25,0,89,6,0,2,344,1.06,139
0,2020,AL,7,Lucas Giolito,CHW,18,0,9%,0.8,4,3,0.571,3.48,12,12,0,1,1,0,72.1,47,31,28,8,28,0,97,2,0,3,288,1.037,126
0,2020,AL,8,Chris Bassitt,OAK,10,0,5%,2,5,2,0.714,2.29,11,11,0,0,0,0,63,56,18,16,6,17,0,55,2,0,2,261,1.159,183
0,2020,AL,9,Dylan Bundy,LAA,5,0,2%,2,6,3,0.667,3.29,11,11,0,1,0,0,65.2,51,27,24,5,17,1,72,4,0,2,267,1.036,142
0,2020,AL,9,Liam Hendriks,OAK,5,0,2%,1.3,3,1,0.75,1.78,24,0,20,0,0,14,25.1,14,6,5,1,3,1,37,0,0,0,92,0.671,238
0,2020,AL,11,Framber Valdez,HOU,1,0,0%,1.1,5,3,0.625,3.57,11,10,0,0,0,0,70.2,63,32,28,5,16,0,76,5,1,6,288,1.118,126
1,2020,NL,1,Trevor Bauer,CIN,201,27,96%,2.9,5,4,0.556,1.73,11,11,0,2,2,0,73,41,17,14,9,17,1,100,3,0,3,278,0.795,287
0,2020,NL,2,Yu Darvish,CHC,123,3,59%,2.4,8,3,0.727,2.01,12,12,0,0,0,0,76,59,18,17,5,14,1,93,2,0,3,297,0.961,212
0,2020,NL,3,Jacob deGrom,NYM,89,0,42%,2.7,4,2,0.667,2.38,12,12,0,0,0,0,68,47,21,18,7,18,0,104,0,0,4,268,0.956,182
0,2020,NL,4,Dinelson Lamet,SDP,57,0,27%,2.2,3,1,0.75,2.09,12,12,0,0,0,0,69,39,18,16,5,20,0,93,4,0,1,267,0.855,196
0,2020,NL,5,Max Fried,ATL,15,0,7%,3.1,7,0,1,2.25,11,11,0,0,0,0,56,42,14,14,2,19,0,50,4,1,1,224,1.089,216
0,2020,NL,6,Corbin Burnes,MIL,12,0,6%,2.1,4,1,0.8,2.11,12,9,2,0,0,0,59.2,37,15,14,2,24,0,88,3,0,5,240,1.022,218
0,2020,NL,7,Aaron Nola,PHI,3,0,1%,2.1,5,5,0.5,3.28,12,12,0,2,1,0,71.1,54,31,26,9,23,2,96,2,0,1,289,1.079,136
0,2020,NL,7,Devin Williams,MIL,3,0,1%,1.2,4,1,0.8,0.33,22,0,1,0,0,0,27,8,4,1,1,9,0,53,1,0,3,100,0.63,1388
0,2020,NL,9,Zac Gallen,ARI,2,0,1%,2.7,3,2,0.6,2.75,12,12,0,0,0,0,72,55,24,22,9,25,0,82,2,0,4,291,1.111,169
0,2020,NL,9,Kyle Hendricks,CHC,2,0,1%,1.8,6,5,0.545,2.88,12,12,0,1,1,0,81.1,73,26,26,10,8,1,64,1,0,1,315,0.996,149
0,2020,NL,9,Clayton Kershaw,LAD,2,0,1%,1.7,6,2,0.75,2.16,10,10,0,0,0,0,58.1,41,18,14,8,8,0,62,1,0,0,221,0.84,196
0,2020,NL,12,Zack Wheeler,PHI,1,0,0%,2.8,4,2,0.667,2.92,11,11,0,0,0,0,71,67,26,23,3,16,2,53,7,0,0,288,1.169,153
1,2019,AL,1,Justin Verlander,HOU,171,17,81%,7.4,21,6,0.778,2.58,34,34,0,2,1,0,223,137,66,64,36,42,0,300,6,0,4,847,0.803,179
0,2019,AL,2,Gerrit Cole,HOU,159,13,76%,6.7,20,5,0.8,2.5,33,33,0,0,0,0,212.1,142,66,59,29,48,0,326,3,3,4,817,0.895,185
0,2019,AL,3,Charlie Morton,TBR,75,0,36%,4.7,16,6,0.727,3.05,33,33,0,0,0,0,194.2,154,71,66,15,57,0,240,12,1,5,790,1.084,142
0,2019,AL,4,Shane Bieber,CLE,64,0,30%,4.8,15,8,0.652,3.28,34,33,1,3,2,0,214.1,186,86,78,31,40,1,259,6,1,6,859,1.054,147
0,2019,AL,5,Lance Lynn,TEX,18,0,9%,7.5,16,11,0.593,3.67,33,33,0,0,0,0,208.1,195,89,85,21,59,0,246,8,0,18,875,1.219,141
0,2019,AL,6,Lucas Giolito,CHW,8,0,4%,5.8,14,9,0.609,3.41,29,29,0,3,2,0,176.2,131,69,67,24,57,1,228,4,0,6,705,1.064,134
0,2019,AL,6,Eduardo Rodriguez,BOS,8,0,4%,6.1,19,6,0.76,3.81,34,34,0,0,0,0,203.1,195,88,86,24,75,2,213,7,0,3,859,1.328,128
0,2019,AL,8,Mike Minor,TEX,7,0,3%,7.8,14,10,0.583,3.59,32,32,0,2,1,0,208.1,190,86,83,30,68,1,200,7,0,2,863,1.238,144
1,2019,NL,1,Jacob deGrom,NYM,207,29,99%,8,11,8,0.579,2.43,32,32,0,0,0,0,204,154,59,55,19,44,1,255,7,0,2,804,0.971,171
0,2019,NL,2,Hyun Jin Ryu,LAD,88,1,42%,4.8,14,5,0.737,2.32,29,29,0,1,1,0,182.2,160,53,47,17,24,2,163,4,0,0,723,1.007,179
0,2019,NL,3,Max Scherzer,WSN,72,0,34%,5.3,11,7,0.611,2.92,27,27,0,0,0,0,172.1,144,59,56,18,33,2,243,7,0,0,693,1.027,151
0,2019,NL,4,Jack Flaherty,STL,69,0,33%,5.5,11,8,0.579,2.75,33,33,0,0,0,0,196.1,135,62,60,25,55,2,231,7,0,6,772,0.968,152
0,2019,NL,5,Stephen Strasburg,WSN,53,0,25%,5.8,18,6,0.75,3.32,33,33,0,0,0,0,209,161,79,77,24,56,4,251,10,0,8,841,1.038,133
0,2019,NL,6,Mike Soroka,ATL,9,0,4%,6,13,4,0.765,2.68,29,29,0,0,0,0,174.2,153,56,52,14,41,1,142,7,0,3,701,1.111,176
0,2019,NL,7,Sonny Gray,CIN,4,0,2%,6.1,11,8,0.579,2.87,31,31,0,0,0,0,175.1,122,59,56,17,68,1,205,7,1,7,708,1.084,165
0,2019,NL,8,Clayton Kershaw,LAD,3,0,1%,3,16,5,0.762,3.03,29,28,0,0,0,0,178.1,145,63,60,28,41,0,189,2,1,7,706,1.043,137
0,2019,NL,9,Walker Buehler,LAD,2,0,1%,2,14,4,0.778,3.26,30,30,0,2,0,0,182.1,153,77,66,20,37,0,215,7,0,4,737,1.042,127
0,2019,NL,9,Kirby Yates,SDP,2,0,1%,2.8,0,5,0,1.19,60,0,51,0,0,41,60.2,41,14,8,2,13,1,101,7,0,2,243,0.89,350
0,2019,NL,11,Patrick Corbin,WSN,1,0,0%,5.1,14,7,0.667,3.25,33,33,0,1,1,0,202,169,81,73,24,70,2,238,3,0,4,835,1.183,135
1,2018,AL,1,Blake Snell,TBR,169,17,80%,7.1,21,5,0.808,1.89,31,31,0,0,0,0,180.2,112,41,38,16,64,2,221,1,0,13,700,0.974,217
0,2018,AL,2,Justin Verlander,HOU,154,13,73%,6.9,16,9,0.64,2.52,34,34,0,1,1,0,214,156,63,60,28,37,0,290,8,2,5,833,0.902,164
0,2018,AL,3,Corey Kluber,CLE,71,0,34%,5.7,20,7,0.741,2.89,33,33,0,2,1,0,215,179,75,69,25,34,0,222,3,0,2,842,0.991,150
0,2018,AL,4,Chris Sale,BOS,59,0,28%,6.9,12,4,0.75,2.11,27,27,0,0,0,0,158,102,39,37,11,34,0,237,14,0,4,617,0.861,209
0,2018,AL,5,Gerrit Cole,HOU,26,0,12%,5.7,15,5,0.75,2.88,32,32,0,1,1,0,200.1,143,68,64,19,64,0,276,7,0,9,799,1.033,144
0,2018,AL,6,Trevor Bauer,CLE,13,0,6%,5.8,12,6,0.667,2.21,28,27,1,0,0,1,175.1,134,51,43,9,57,2,221,9,0,12,717,1.089,196
0,2018,AL,6,Blake Treinen,OAK,13,0,6%,4.1,9,2,0.818,0.78,68,0,58,0,0,38,80.1,46,12,7,2,21,3,100,1,0,6,315,0.834,531
0,2018,AL,8,Edwin Diaz,SEA,4,0,2%,3.3,0,4,0,1.96,73,0,65,0,0,57,73.1,41,17,16,5,17,0,124,6,1,3,280,0.791,208
0,2018,AL,9,Luis Severino,NYY,1,0,0%,4.1,19,8,0.704,3.39,32,32,0,1,1,0,191.1,173,76,72,19,46,0,220,5,0,8,780,1.145,124
1,2018,NL,1,Jacob deGrom,NYM,207,29,99%,9.9,10,9,0.526,1.7,32,32,0,1,0,0,217,152,48,41,10,46,3,269,5,0,2,835,0.912,218
0,2018,NL,2,Max Scherzer,WSN,123,1,59%,8.4,18,7,0.72,2.53,33,33,0,2,1,0,220.2,150,66,62,23,51,4,300,12,1,4,866,0.911,168
0,2018,NL,3,Aaron Nola,PHI,86,0,41%,10.2,17,6,0.739,2.37,33,33,0,0,0,0,212.1,149,57,56,17,58,3,224,7,1,4,831,0.975,173
0,2018,NL,4,Kyle Freeland,COL,49,0,23%,8.3,17,7,0.708,2.85,33,33,0,0,0,0,202.1,182,64,64,17,70,2,173,6,0,2,844,1.245,166
0,2018,NL,5,Patrick Corbin,ARI,23,0,11%,3.9,11,7,0.611,3.15,33,33,0,1,1,0,200,162,70,70,15,48,3,246,5,0,8,800,1.05,133
0,2018,NL,6,Miles Mikolas,STL,13,0,6%,4.5,18,4,0.818,2.83,32,32,0,1,1,0,200.2,186,70,63,16,29,4,146,7,1,2,808,1.071,137
0,2018,NL,7,Josh Hader,MIL,4,0,2%,2.1,6,1,0.857,2.43,55,0,14,0,0,12,81.1,36,23,22,9,30,0,143,1,1,0,306,0.811,168
0,2018,NL,8,Mike Foltynewicz,ATL,3,0,1%,4,13,10,0.565,2.85,31,31,0,2,1,0,183,130,65,58,17,68,3,202,6,2,7,744,1.082,143
0,2018,NL,9,Jon Lester,CHC,2,0,1%,3,18,6,0.75,3.32,32,32,0,0,0,0,181.2,174,75,67,24,64,1,149,6,0,4,761,1.31,125
1,2017,AL,1,Corey Kluber,CLE,204,28,97%,7.9,18,4,0.818,2.25,29,29,0,5,3,0,203.2,141,56,51,21,36,2,265,5,0,4,777,0.869,202
0,2017,AL,2,Chris Sale,BOS,126,2,60%,6,17,8,0.68,2.9,32,32,0,1,0,0,214.1,165,73,69,24,43,0,308,8,0,3,851,0.97,157
0,2017,AL,3,Luis Severino,NYY,73,0,35%,5.4,14,6,0.7,2.98,31,31,0,0,0,0,193.1,150,73,64,21,51,0,230,6,0,6,783,1.04,152
0,2017,AL,4,Carlos Carrasco,CLE,43,0,20%,5.2,18,6,0.75,3.29,32,32,0,1,0,0,200,173,73,73,21,46,2,226,10,0,10,798,1.095,139
0,2017,AL,5,Justin Verlander,TOT,32,0,15%,6.4,15,8,0.652,3.36,33,33,0,0,0,0,206,170,80,77,27,72,4,219,4,0,5,849,1.175,131
0,2017,AL,6,Craig Kimbrel,BOS,27,0,13%,3.6,5,0,1,1.43,67,0,51,0,0,35,69,33,11,11,6,14,0,126,4,0,5,254,0.681,319
0,2017,AL,7,Ervin Santana,MIN,3,0,1%,4.9,16,8,0.667,3.28,33,33,0,5,3,0,211.1,177,85,77,31,61,2,167,8,1,12,864,1.126,135
0,2017,AL,8,Marcus Stroman,TOR,2,0,1%,5.2,13,9,0.591,3.09,33,33,0,2,0,0,201,201,82,69,21,62,1,164,6,1,3,834,1.308,145
1,2017,NL,1,Max Scherzer,WSN,201,27,96%,7.2,16,6,0.727,2.51,31,31,0,2,0,0,200.2,126,62,56,22,55,2,268,11,0,4,780,0.902,178
0,2017,NL,2,Clayton Kershaw,LAD,126,3,60%,4.9,18,4,0.818,2.31,27,27,0,1,0,0,175,136,49,45,23,30,0,202,0,2,4,679,0.949,179
0,2017,NL,3,Stephen Strasburg,WSN,81,0,39%,6.4,15,4,0.789,2.52,28,28,0,1,1,0,175.1,131,55,49,13,47,5,204,7,0,3,701,1.015,178
0,2017,NL,4,Zack Greinke,ARI,52,0,25%,5.7,17,7,0.708,3.2,32,32,0,1,0,0,202.1,172,80,72,25,45,0,215,0,0,12,801,1.072,147
0,2017,NL,5,Kenley Jansen,LAD,22,0,10%,3,5,0,1,1.32,65,0,57,0,0,41,68.1,44,11,10,5,7,0,109,2,1,2,258,0.746,315
0,2017,NL,6,Gio Gonzalez,WSN,18,0,9%,6.5,15,9,0.625,2.96,32,32,0,0,0,0,201,158,69,66,21,79,5,188,7,0,7,827,1.179,152
0,2017,NL,7,Robbie Ray,ARI,6,0,3%,4.7,15,5,0.75,2.89,28,28,0,1,1,0,162,116,57,52,23,71,3,218,5,0,8,665,1.154,163
0,2017,NL,8,Jacob deGrom,NYM,2,0,1%,4.2,15,10,0.6,3.53,31,31,0,1,0,0,201.1,180,87,79,28,59,5,239,2,0,7,827,1.187,117
0,2017,NL,9,Jimmy Nelson,MIL,1,0,0%,3.4,12,6,0.667,3.49,29,29,0,1,0,0,175.1,171,75,68,16,48,1,199,9,1,6,728,1.249,126
0,2017,NL,9,Alex Wood,LAD,1,0,0%,3.4,16,3,0.842,2.72,27,25,0,0,0,0,152.1,123,50,46,15,38,6,151,6,0,2,614,1.057,152
1,2016,AL,1,Rick Porcello,BOS,137,8,65%,4.7,22,4,0.846,3.15,33,33,0,3,0,0,223,193,85,78,23,32,0,189,13,0,3,890,1.009,142
0,2016,AL,2,Justin Verlander,DET,132,14,63%,7.4,16,9,0.64,3.04,34,34,0,2,0,0,227.2,171,81,77,30,57,1,254,8,0,6,903,1.001,140
0,2016,AL,3,Corey Kluber,CLE,98,3,47%,5.6,18,9,0.667,3.14,32,32,0,3,2,0,215,170,82,75,22,57,1,227,7,1,5,860,1.056,144
0,2016,AL,4,Zack Britton,BAL,72,5,34%,4.1,2,1,0.667,0.54,69,0,63,0,0,47,67,38,7,4,1,18,3,74,0,0,10,254,0.836,803
0,2016,AL,5,Chris Sale,CHW,40,0,19%,4.9,17,10,0.63,3.34,32,32,0,6,1,0,226.2,190,88,84,27,45,2,233,17,0,2,907,1.037,121
0,2016,AL,6,J.A. Happ,TOR,14,0,7%,4.5,20,4,0.833,3.18,32,32,0,0,0,0,195,168,72,69,22,60,0,163,6,2,3,796,1.169,134
0,2016,AL,7,Aaron Sanchez,TOR,6,0,3%,5.1,15,2,0.882,3,30,30,0,0,0,0,192,161,69,64,15,63,0,161,5,0,5,790,1.167,142
0,2016,AL,7,Masahiro Tanaka,NYY,6,0,3%,5.2,14,4,0.778,3.07,31,31,0,0,0,0,199.2,179,75,68,22,36,0,165,3,0,7,805,1.077,140
0,2016,AL,9,Andrew Miller,TOT,3,0,1%,3.8,10,1,0.909,1.45,70,0,23,0,0,12,74.1,42,13,12,8,9,0,123,2,0,1,275,0.686,304
0,2016,AL,10,Michael Fulmer,DET,1,0,0%,5.4,11,7,0.611,3.06,26,26,0,1,1,0,159,136,57,54,16,42,1,132,9,1,1,647,1.119,139
0,2016,AL,10,Jose Quintana,CHW,1,0,0%,5.3,13,12,0.52,3.2,32,32,0,0,0,0,208,192,76,74,22,50,1,181,4,1,10,837,1.163,126
1,2016,NL,1,Max Scherzer,WSN,192,25,91%,6.2,20,7,0.741,2.96,34,34,0,1,0,0,228.1,165,77,75,31,56,2,284,6,1,2,902,0.968,144
0,2016,NL,2,Jon Lester,CHC,102,1,49%,5.6,19,5,0.792,2.44,32,32,0,2,0,0,202.2,154,57,55,21,52,0,197,6,0,4,796,1.016,171
0,2016,NL,3,Kyle Hendricks,CHC,85,2,40%,5.4,16,8,0.667,2.13,31,30,0,2,1,0,190,142,53,45,15,44,3,170,8,0,5,745,0.979,196
0,2016,NL,4,Madison Bumgarner,SFG,46,0,22%,4.8,15,9,0.625,2.74,34,34,0,4,1,0,226.2,179,79,69,26,54,0,251,8,1,4,912,1.028,146
0,2016,NL,5,Clayton Kershaw,LAD,30,2,14%,5.8,12,4,0.75,1.69,21,21,0,3,3,0,149,97,31,28,8,11,1,172,2,3,5,544,0.725,237
0,2016,NL,6,Johnny Cueto,SFG,19,0,9%,5.5,18,5,0.783,2.79,32,32,0,5,2,0,219.2,195,71,68,15,45,1,198,8,1,3,881,1.093,144
0,2016,NL,7,Jose Fernandez,MIA,18,0,9%,4.4,16,8,0.667,2.86,29,29,0,0,0,0,182.1,149,63,58,13,55,6,253,6,1,9,737,1.119,137
0,2016,NL,8,Noah Syndergaard,NYM,15,0,7%,5,14,9,0.609,2.6,31,30,0,0,0,0,183.2,168,61,53,11,43,2,218,2,1,10,744,1.149,155
0,2016,NL,9,Jake Arrieta,CHC,2,0,1%,3.8,18,8,0.692,3.1,31,31,0,1,1,0,197.1,138,72,68,16,76,1,190,6,0,16,795,1.084,135
0,2016,NL,10,Tanner Roark,WSN,1,0,0%,5.5,16,10,0.615,2.83,34,33,0,0,0,0,210,173,72,66,17,73,4,172,13,1,6,855,1.171,151
1,2015,AL,1,Dallas Keuchel,HOU,186,22,89%,6.5,20,8,0.714,2.48,33,33,0,3,2,0,232,185,68,64,17,51,0,216,2,0,9,911,1.017,157
0,2015,AL,2,David Price,TOT,143,8,68%,6.3,18,5,0.783,2.45,32,32,0,3,1,0,220.1,190,70,60,17,47,2,225,3,0,4,888,1.076,164
0,2015,AL,3,Sonny Gray,OAK,82,0,39%,5.4,14,7,0.667,2.73,31,31,0,3,2,0,208,166,71,63,17,59,0,169,2,0,13,831,1.082,143
0,2015,AL,4,Chris Sale,CHW,30,0,14%,3.4,13,11,0.542,3.41,31,31,0,1,0,0,208.2,185,88,79,23,42,0,274,13,0,7,854,1.088,114
0,2015,AL,5,Chris Archer,TBR,29,0,14%,3.9,12,13,0.48,3.23,34,34,0,1,1,0,212,175,85,76,19,66,0,252,3,0,13,868,1.137,121
0,2015,AL,6,Wade Davis,KCR,10,0,5%,3.5,8,1,0.889,0.94,69,0,24,0,0,17,67.1,33,8,7,3,20,1,78,0,0,1,251,0.787,448
0,2015,AL,7,Felix Hernandez,SEA,9,0,4%,4.6,18,9,0.667,3.53,31,31,0,2,2,0,201.2,180,80,79,23,58,0,191,9,0,10,826,1.18,108
0,2015,AL,8,Collin McHugh,HOU,5,0,2%,2.6,19,7,0.731,3.89,32,32,0,0,0,0,203.2,207,89,88,19,53,2,171,9,0,5,859,1.277,100
0,2015,AL,9,Corey Kluber,CLE,4,0,2%,4.3,9,16,0.36,3.49,32,32,0,4,0,0,222,189,92,86,22,45,3,245,11,1,6,886,1.054,123
0,2015,AL,10,Marco Estrada,TOR,3,0,1%,3.8,13,8,0.619,3.13,34,28,3,0,0,0,181,134,67,63,24,55,2,131,5,0,2,725,1.044,131
0,2015,AL,10,Andrew Miller,NYY,3,0,1%,2.3,3,2,0.6,2.04,60,0,53,0,0,36,61.2,33,16,14,5,20,1,100,5,0,2,246,0.859,200
0,2015,AL,10,Shawn Tolleson,TEX,3,0,1%,1.8,6,4,0.6,2.99,73,0,53,0,0,35,72.1,66,25,24,9,17,5,76,2,0,0,298,1.147,142
0,2015,AL,13,Carlos Carrasco,CLE,2,0,1%,3.9,14,12,0.538,3.63,30,30,0,3,1,0,183.2,154,75,74,18,43,2,216,5,0,5,730,1.073,119
0,2015,AL,14,Dellin Betances,NYY,1,0,0%,3.9,6,4,0.6,1.5,74,0,17,0,0,9,84,45,17,14,6,40,2,131,3,0,9,332,1.012,271
1,2015,NL,1,Jake Arrieta,CHC,169,17,80%,8.3,22,6,0.786,1.77,33,33,0,4,3,0,229,150,52,45,10,48,2,236,6,0,6,870,0.865,215
0,2015,NL,2,Zack Greinke,LAD,147,10,70%,8.9,19,3,0.864,1.66,32,32,0,1,0,0,222.2,148,43,41,14,40,1,200,5,0,7,843,0.844,222
0,2015,NL,3,Clayton Kershaw,LAD,101,3,48%,7.3,16,7,0.696,2.13,33,33,0,4,3,0,232.2,163,62,55,15,42,1,301,5,3,9,890,0.881,173
0,2015,NL,4,Gerrit Cole,PIT,40,0,19%,4.3,19,8,0.704,2.6,32,32,0,0,0,0,208,183,71,60,11,44,1,202,10,0,7,832,1.091,149
0,2015,NL,5,Max Scherzer,WSN,32,0,15%,6.9,14,12,0.538,2.79,33,33,0,4,3,0,228.2,176,74,71,27,34,2,276,5,1,10,899,0.918,142
0,2015,NL,6,Madison Bumgarner,SFG,8,0,4%,5,18,9,0.667,2.93,32,32,0,4,2,0,218.1,181,73,71,21,39,2,234,7,0,1,869,1.008,131
0,2015,NL,7,Jacob deGrom,NYM,7,0,3%,5.2,14,8,0.636,2.54,30,30,0,0,0,0,191,149,59,54,16,38,2,205,2,0,6,751,0.979,149
0,2015,NL,8,Mark Melancon,PIT,5,0,2%,1.8,3,2,0.6,2.23,78,0,63,0,0,51,76.2,57,22,19,4,14,2,62,2,0,3,293,0.926,174
0,2015,NL,9,John Lackey,STL,1,0,0%,5.8,13,10,0.565,2.77,33,33,0,1,0,0,218,211,71,67,21,53,5,175,4,3,5,896,1.211,142
1,2014,AL,1,Corey Kluber,CLE,169,17,80%,8.1,18,9,0.667,2.44,34,34,0,3,1,0,235.2,207,72,64,14,51,3,269,6,0,3,951,1.095,160
0,2014,AL,2,Felix Hernandez,SEA,159,13,76%,6.4,15,6,0.714,2.14,34,34,0,0,0,0,236,170,68,56,16,46,1,248,5,0,18,912,0.915,170
0,2014,AL,3,Chris Sale,CHW,78,0,37%,6.1,12,4,0.75,2.17,26,26,0,2,0,0,174,129,48,42,13,39,2,208,11,0,3,685,0.966,173
0,2014,AL,4,Jon Lester,TOT,46,0,22%,4.6,16,11,0.593,2.46,32,32,0,1,1,0,219.2,194,76,60,16,48,0,220,5,0,3,885,1.102,158
0,2014,AL,5,Max Scherzer,DET,32,0,15%,5.8,18,5,0.783,3.15,33,33,0,1,1,0,220.1,196,80,77,18,63,1,252,6,1,10,904,1.175,123
0,2014,AL,6,David Price,TOT,16,0,8%,4.4,15,12,0.556,3.26,34,34,0,3,0,0,248.1,230,100,90,25,38,1,271,5,0,2,1009,1.079,115
0,2014,AL,7,Phil Hughes,MIN,6,0,3%,4.6,16,10,0.615,3.52,32,32,0,1,0,0,209.2,221,88,82,16,16,1,186,5,0,1,855,1.13,111
0,2014,AL,8,Wade Davis,KCR,3,0,1%,3.8,9,2,0.818,1,71,0,11,0,0,3,72,38,8,8,0,23,0,109,3,0,1,279,0.847,396
0,2014,AL,9,Greg Holland,KCR,1,0,0%,2.6,1,3,0.25,1.44,65,0,60,0,0,46,62.1,37,13,10,3,20,0,90,0,0,9,240,0.914,274
1,2014,NL,1,Clayton Kershaw,LAD,210,30,100%,7.7,21,3,0.875,1.77,27,27,0,6,2,0,198.1,139,42,39,9,31,0,239,2,2,7,749,0.857,197
0,2014,NL,2,Johnny Cueto,CIN,112,0,53%,6.6,20,9,0.69,2.25,34,34,0,4,2,0,243.2,169,69,61,22,65,2,242,15,1,1,961,0.96,163
0,2014,NL,3,Adam Wainwright,STL,97,0,46%,6.1,20,9,0.69,2.38,32,32,0,5,3,0,227,184,64,60,10,50,5,179,7,1,4,898,1.031,153
0,2014,NL,4,Madison Bumgarner,SFG,28,0,13%,3.7,18,10,0.643,2.98,33,33,0,4,2,0,217.1,194,81,72,21,43,3,219,6,1,4,873,1.09,116
0,2014,NL,5,Jordan Zimmermann,WSN,25,0,12%,4.7,14,5,0.737,2.66,32,32,0,3,2,0,199.2,185,67,59,13,29,0,182,6,0,4,800,1.072,141
0,2014,NL,6,Cole Hamels,PHI,17,0,8%,6.4,9,9,0.5,2.46,30,30,0,0,0,0,204.2,176,60,56,14,59,3,198,8,1,6,829,1.148,152
0,2014,NL,7,Zack Greinke,LAD,6,0,3%,4.5,17,8,0.68,2.71,32,32,0,0,0,0,202.1,190,69,61,19,43,3,207,2,0,12,821,1.152,129
0,2014,NL,8,Doug Fister,WSN,5,0,2%,4.4,16,6,0.727,2.41,25,25,0,1,1,0,164,153,52,44,18,24,0,98,7,0,5,662,1.079,155
0,2014,NL,9,Jake Arrieta,CHC,3,0,1%,5.3,10,5,0.667,2.53,25,25,0,1,1,0,156.2,114,46,44,5,41,2,167,3,0,8,614,0.989,150
0,2014,NL,9,Craig Kimbrel,ATL,3,0,1%,2.5,0,3,0,1.61,63,0,54,0,0,47,61.2,30,13,11,2,26,0,95,2,0,6,244,0.908,223
0,2014,NL,9,Stephen Strasburg,WSN,3,0,1%,3.3,14,11,0.56,3.14,34,34,0,0,0,0,215,198,86,75,23,43,4,242,5,0,7,868,1.121,119
0,2014,NL,12,Henderson Alvarez III,MIA,1,0,0%,4.7,12,7,0.632,2.65,30,30,0,3,3,0,187,198,65,55,14,33,3,111,8,0,4,772,1.235,140
1,2013,AL,1,Max Scherzer,DET,203,28,97%,6.5,21,3,0.875,2.9,32,32,0,0,0,0,214.1,152,73,69,18,56,0,240,4,1,6,836,0.97,144
0,2013,AL,2,Yu Darvish,TEX,93,0,44%,5.6,13,9,0.591,2.83,32,32,0,0,0,0,209.2,145,68,66,26,80,1,277,8,1,7,841,1.073,145
0,2013,AL,3,Hisashi Iwakuma,SEA,73,0,35%,7,14,6,0.7,2.66,33,33,0,0,0,0,219.2,179,69,65,25,42,4,185,2,0,10,866,1.006,138
0,2013,AL,4,Anibal Sanchez,DET,46,1,22%,6.1,14,8,0.636,2.57,29,29,0,1,1,0,182,156,56,52,9,54,1,202,2,0,7,746,1.154,162
0,2013,AL,5,Chris Sale,CHW,44,1,21%,6.5,11,14,0.44,3.07,30,30,0,4,1,0,214.1,184,81,73,23,46,2,226,14,1,8,866,1.073,137
0,2013,AL,6,Bartolo Colon,OAK,25,0,12%,5.6,18,6,0.75,2.65,30,30,0,3,3,0,190.1,193,60,56,14,29,0,117,0,0,1,769,1.166,147
0,2013,AL,7,Koji Uehara,BOS,10,0,5%,3.5,4,1,0.8,1.09,73,0,40,0,0,21,74.1,33,10,9,5,9,2,101,1,0,1,265,0.565,379
0,2013,AL,8,Felix Hernandez,SEA,6,0,3%,5.1,12,10,0.545,3.04,31,31,0,0,0,0,204.1,185,74,69,15,46,1,216,3,0,13,823,1.131,121
0,2013,AL,9,Greg Holland,KCR,4,0,2%,3.2,2,1,0.667,1.21,68,0,61,0,0,47,67,40,11,9,3,18,1,103,0,0,2,255,0.866,342
0,2013,AL,9,Matt Moore,TBR,4,0,2%,2.5,17,4,0.81,3.29,27,27,0,1,1,0,150.1,119,58,55,14,76,1,143,4,1,17,642,1.297,117
0,2013,AL,11,James Shields,KCR,2,0,1%,4.7,13,9,0.591,3.15,34,34,0,2,0,0,228.2,215,82,80,20,68,0,196,8,2,11,946,1.238,131
1,2013,NL,1,Clayton Kershaw,LAD,207,29,99%,8.1,16,9,0.64,1.83,33,33,0,3,2,0,236,164,55,48,11,52,2,232,3,2,12,908,0.915,194
0,2013,NL,2,Adam Wainwright,STL,86,1,41%,6.3,19,9,0.679,2.94,34,34,0,5,2,0,241.2,223,83,79,15,35,2,219,6,0,5,956,1.068,127
0,2013,NL,3,Jose Fernandez,MIA,62,0,30%,6.2,12,6,0.667,2.19,28,28,0,0,0,0,172.2,111,47,42,10,58,5,187,5,1,3,681,0.979,176
0,2013,NL,4,Matt Harvey,NYM,39,0,19%,5.3,9,5,0.643,2.27,26,26,0,1,1,0,178.1,135,46,45,7,31,1,191,4,0,2,690,0.931,157
0,2013,NL,4,Craig Kimbrel,ATL,39,0,19%,3.1,4,3,0.571,1.21,68,0,60,0,0,50,67,39,10,9,4,20,2,98,3,0,3,258,0.881,311
0,2013,NL,6,Cliff Lee,PHI,32,0,15%,6.6,14,8,0.636,2.87,31,31,0,2,1,0,222.2,193,77,71,22,32,0,222,4,0,1,876,1.01,131
0,2013,NL,7,Jordan Zimmermann,WSN,21,0,10%,3.5,19,9,0.679,3.25,32,32,0,4,2,0,213.1,192,81,77,19,40,0,161,7,0,3,865,1.088,116
0,2013,NL,8,Zack Greinke,LAD,19,0,9%,4.3,15,4,0.789,2.63,28,28,0,1,1,0,177.2,152,54,52,13,46,1,148,7,0,5,717,1.114,135
0,2013,NL,9,Madison Bumgarner,SFG,3,0,1%,4,13,9,0.591,2.77,31,31,0,0,0,0,201.1,146,68,62,15,62,6,199,6,0,6,803,1.033,124
0,2013,NL,9,Francisco Liriano,PIT,3,0,1%,3.3,16,8,0.667,3.02,26,26,0,2,0,0,161,134,54,54,9,63,0,163,0,2,7,666,1.224,118
1,2012,AL,1,David Price,TBR,153,14,78%,6.6,20,5,0.8,2.56,31,31,0,2,1,0,211,173,63,60,16,59,2,205,5,1,8,836,1.1,150
0,2012,AL,2,Justin Verlander,DET,149,13,76%,8.1,17,8,0.68,2.64,33,33,0,6,1,0,238.1,192,81,70,19,60,2,239,5,1,2,956,1.057,161
0,2012,AL,3,Jered Weaver,LAA,70,0,36%,4.3,20,5,0.8,2.81,30,30,0,3,2,0,188.2,147,63,59,20,45,0,142,4,0,2,739,1.018,135
0,2012,AL,4,Felix Hernandez,SEA,41,0,21%,5.3,13,9,0.591,3.06,33,33,0,5,5,0,232,209,84,79,14,56,0,223,12,2,13,939,1.142,124
0,2012,AL,5,Fernando Rodney,TBR,38,1,19%,3.7,2,2,0.5,0.6,76,0,65,0,0,48,74.2,43,9,5,2,15,1,76,3,0,4,282,0.777,641
0,2012,AL,6,Chris Sale,CHW,17,0,9%,5.7,17,8,0.68,3.05,30,29,0,1,0,0,192,167,66,65,19,51,5,192,6,0,6,772,1.135,140
0,2012,AL,7,Jim Johnson,BAL,5,0,3%,2.4,2,1,0.667,2.49,71,0,63,0,0,51,68.2,55,21,19,3,15,1,41,3,0,1,269,1.019,170
0,2012,AL,8,Matt Harrison,TEX,2,0,1%,5.8,18,11,0.621,3.29,32,32,0,4,2,0,213.1,210,82,78,22,59,0,133,1,0,2,876,1.261,133
0,2012,AL,9,Yu Darvish,TEX,1,0,1%,3.5,16,9,0.64,3.9,29,29,0,0,0,0,191.1,156,89,83,14,89,1,221,10,0,8,816,1.28,112
1,2012,NL,1,R.A. Dickey,NYM,209,27,93%,5.7,20,6,0.769,2.73,34,33,1,5,3,0,233.2,192,78,71,24,54,2,230,9,1,4,927,1.053,139
0,2012,NL,2,Clayton Kershaw,LAD,96,2,43%,6.4,14,9,0.609,2.53,33,33,0,2,2,0,227.2,170,70,64,16,63,5,229,5,2,6,901,1.023,150
0,2012,NL,3,Gio Gonzalez,WSN,93,1,42%,5,21,8,0.724,2.89,32,32,0,2,1,0,199.1,149,69,64,9,76,3,207,5,1,10,822,1.129,138
0,2012,NL,4,Johnny Cueto,CIN,75,1,33%,5.2,19,9,0.679,2.78,33,33,0,2,0,0,217,205,73,67,15,49,5,170,12,3,1,888,1.171,148
0,2012,NL,5,Craig Kimbrel,ATL,41,1,18%,3.2,3,1,0.75,1.01,63,0,56,0,0,42,62.2,27,7,7,3,14,0,116,2,0,5,231,0.654,399
0,2012,NL,6,Matt Cain,SFG,22,0,10%,3.9,16,5,0.762,2.79,32,32,0,2,2,0,219.1,177,73,68,21,51,1,193,9,0,8,876,1.04,126
0,2012,NL,7,Kyle Lohse,STL,6,0,3%,4,16,3,0.842,2.86,33,33,0,0,0,0,211,192,74,67,19,38,1,143,4,0,1,864,1.09,133
0,2012,NL,8,Aroldis Chapman,CIN,1,0,0%,3.4,5,5,0.5,1.51,68,0,52,0,0,38,71.2,35,13,12,4,23,0,122,4,0,4,276,0.809,274
0,2012,NL,8,Cole Hamels,PHI,1,0,0%,4.5,17,6,0.739,3.05,31,31,0,2,2,0,215.1,190,80,73,24,52,3,216,3,2,3,867,1.124,132
1,2011,AL,1,Justin Verlander,DET,196,28,100%,8.6,24,5,0.828,2.4,34,34,0,4,2,0,251,174,73,67,24,57,0,250,3,2,7,969,0.92,172
0,2011,AL,2,Jered Weaver,LAA,97,0,49%,6.9,18,8,0.692,2.41,33,33,0,4,2,0,235.2,182,65,63,20,56,0,198,3,0,8,926,1.01,156
0,2011,AL,3,James Shields,TBR,66,0,34%,5.8,16,12,0.571,2.82,33,33,0,11,4,0,249.1,195,83,78,26,65,1,225,5,0,4,975,1.043,134
0,2011,AL,4,CC Sabathia,NYY,63,0,32%,6.4,19,8,0.704,3,33,33,0,3,1,0,237.1,230,87,79,17,61,4,230,7,1,2,985,1.226,143
0,2011,AL,5,Jose Valverde,DET,28,0,14%,2,2,4,0.333,2.24,75,0,70,0,0,49,72.1,52,21,18,5,34,4,69,3,1,3,301,1.189,185
0,2011,AL,6,C.J. Wilson,TEX,9,0,5%,4.9,16,7,0.696,2.94,34,34,0,3,1,0,223.1,191,89,73,16,74,0,206,10,0,6,915,1.187,150
0,2011,AL,7,Dan Haren,LAA,7,0,4%,4.2,16,10,0.615,3.17,35,34,1,4,3,0,238.1,211,91,84,20,33,1,192,5,0,6,953,1.024,119
0,2011,AL,8,Mariano Rivera,NYY,4,0,2%,2.9,1,2,0.333,1.91,64,0,54,0,0,44,61.1,47,13,13,3,8,2,60,2,0,1,233,0.897,226
0,2011,AL,9,Josh Beckett,BOS,3,0,2%,5.8,13,7,0.65,2.89,30,30,0,1,1,0,193,146,65,62,21,52,1,175,9,0,6,767,1.026,149
0,2011,AL,10,Ricky Romero,TOR,2,0,1%,6.4,15,11,0.577,2.92,32,32,0,4,2,0,225,176,85,73,26,80,2,178,14,1,9,917,1.138,146
0,2011,AL,11,David Robertson,NYY,1,0,1%,3.7,4,0,1,1.08,70,0,8,0,0,1,66.2,40,9,8,1,35,6,100,1,1,6,272,1.125,399
1,2011,NL,1,Clayton Kershaw,LAD,207,27,92%,6.8,21,5,0.808,2.28,33,33,0,5,2,0,233.1,174,66,59,15,54,2,248,3,1,5,912,0.977,161
0,2011,NL,2,Roy Halladay,PHI,133,4,59%,8.8,19,6,0.76,2.35,32,32,0,8,1,0,233.2,208,65,61,10,35,4,220,4,1,2,933,1.04,163
0,2011,NL,3,Cliff Lee,PHI,90,0,40%,8.5,17,8,0.68,2.4,32,32,0,6,6,0,232.2,197,66,62,18,42,0,238,6,0,0,920,1.027,160
0,2011,NL,4,Ian Kennedy,ARI,76,1,34%,4.8,21,4,0.84,2.88,33,33,0,1,1,0,222,186,73,71,19,55,0,198,9,1,11,900,1.086,137
0,2011,NL,5,Cole Hamels,PHI,17,0,8%,6.4,14,9,0.609,2.79,32,31,0,3,0,0,216,169,68,67,19,44,2,194,5,3,3,850,0.986,137
0,2011,NL,6,Tim Lincecum,SFG,7,0,3%,3.7,13,14,0.481,2.74,33,33,0,1,1,0,217,176,74,66,15,86,5,220,6,0,9,900,1.207,127
0,2011,NL,7,Yovani Gallardo,MIL,5,0,2%,2.3,17,10,0.63,3.52,33,33,0,1,1,0,207.1,193,92,81,27,59,1,207,1,0,12,865,1.215,112
0,2011,NL,8,Matt Cain,SFG,3,0,1%,3.1,12,11,0.522,2.88,33,33,0,1,0,0,221.2,177,82,71,9,63,5,179,9,0,4,907,1.083,121
0,2011,NL,9,John Axford,MIL,2,0,1%,2.3,2,2,0.5,1.95,74,0,63,0,0,46,73.2,59,19,16,4,25,1,86,0,0,8,305,1.14,202
0,2011,NL,9,Craig Kimbrel,ATL,2,0,1%,2.5,4,3,0.571,2.1,79,0,64,0,0,46,77,48,19,18,3,32,1,127,1,0,4,306,1.039,183
0,2011,NL,11,Madison Bumgarner,SFG,1,0,0%,1.9,13,13,0.5,3.21,33,33,0,0,0,0,204.2,202,82,73,12,46,5,191,5,1,0,844,1.212,109
0,2011,NL,11,Ryan Vogelsong,SFG,1,0,0%,2.7,13,7,0.65,2.71,30,28,1,1,1,0,179.2,164,62,54,15,61,6,139,5,1,1,752,1.252,129
1,2010,AL,1,Felix Hernandez,SEA,167,21,85%,7.2,13,12,0.52,2.27,34,34,0,6,1,0,249.2,194,80,63,17,70,1,232,8,1,14,1001,1.057,174
0,2010,AL,2,David Price,TBR,111,4,57%,4.7,19,6,0.76,2.72,32,31,0,2,1,0,208.2,170,71,63,15,79,1,188,5,3,5,861,1.193,144
0,2010,AL,3,CC Sabathia,NYY,102,3,52%,4.8,21,7,0.75,3.18,34,34,0,2,0,0,237.2,209,92,84,20,74,6,197,7,1,8,970,1.191,136
0,2010,AL,4,Jon Lester,BOS,33,0,17%,5.2,19,9,0.679,3.25,32,32,0,2,0,0,208,167,81,75,14,83,0,225,10,0,6,861,1.202,134
0,2010,AL,5,Jered Weaver,LAA,24,0,12%,5.2,13,12,0.52,3.01,34,34,0,0,0,0,224.1,187,83,75,23,54,0,233,0,1,7,905,1.074,132
0,2010,AL,6,Clay Buchholz,BOS,20,0,10%,5.6,17,7,0.708,2.33,28,28,0,1,1,0,173.2,142,55,45,9,67,1,120,5,1,7,711,1.203,187
0,2010,AL,7,Cliff Lee,TOT,6,0,3%,5.1,12,9,0.571,3.18,28,28,0,7,1,0,212.1,195,84,75,16,18,2,185,1,1,3,843,1.003,133
0,2010,AL,8,Rafael Soriano,TBR,5,0,3%,2.1,3,2,0.6,1.73,64,0,56,0,0,45,62.1,36,14,12,4,14,2,57,1,0,0,237,0.802,226
0,2010,AL,9,Trevor Cahill,OAK,4,0,2%,3.9,18,8,0.692,2.97,30,30,0,1,1,0,196.2,155,73,65,19,63,1,118,6,2,2,783,1.108,138
0,2010,AL,10,Joakim Soria,KCR,2,0,1%,3.7,1,2,0.333,1.78,66,0,56,0,0,43,65.2,53,13,13,4,16,1,71,2,1,3,270,1.051,236
0,2010,AL,11,Francisco Liriano,MIN,1,0,1%,4.2,14,10,0.583,3.62,31,31,0,0,0,0,191.2,184,77,77,9,58,0,201,10,1,10,806,1.263,112
0,2010,AL,11,Justin Verlander,DET,1,0,1%,4.4,18,9,0.667,3.37,33,33,0,4,0,0,224.1,190,89,84,14,71,0,219,6,2,11,925,1.163,124
1,2010,NL,1,Roy Halladay,PHI,224,32,100%,8.5,21,10,0.677,2.44,33,33,0,9,4,0,250.2,231,74,68,24,30,1,219,6,1,5,993,1.041,167
0,2010,NL,2,Adam Wainwright,STL,122,0,54%,6.2,20,11,0.645,2.42,33,33,0,5,2,0,230.1,186,68,62,15,56,2,213,4,0,2,910,1.051,160
0,2010,NL,3,Ubaldo Jimenez,COL,90,0,40%,7.5,19,8,0.704,2.88,33,33,0,4,2,0,221.2,164,73,71,10,92,7,214,9,1,16,894,1.155,161
0,2010,NL,4,Tim Hudson,ATL,39,0,17%,5.8,17,9,0.654,2.83,34,34,0,1,0,0,228.2,189,74,72,20,74,8,139,9,0,5,920,1.15,138
0,2010,NL,5,Josh Johnson,FLA,34,0,15%,7,11,6,0.647,2.3,28,28,0,1,0,0,183.2,155,51,47,7,48,2,186,5,0,4,744,1.105,180
0,2010,NL,6,Roy Oswalt,TOT,14,0,6%,6,13,13,0.5,2.76,33,32,0,2,2,0,211.2,162,70,65,19,55,2,193,5,1,2,837,1.025,145
0,2010,NL,7,Brian Wilson,SFG,7,0,3%,2.8,3,3,0.5,1.81,70,0,59,0,0,48,74.2,62,16,15,3,26,5,93,1,0,0,311,1.179,217
0,2010,NL,8,Heath Bell,SDP,4,0,2%,1.9,6,1,0.857,1.93,67,0,57,0,0,47,70,56,17,15,1,28,3,86,1,0,1,287,1.2,191
0,2010,NL,8,Mat Latos,SDP,4,0,2%,3.2,14,10,0.583,2.92,31,31,0,1,1,0,184.2,150,63,60,16,50,3,189,2,1,5,748,1.083,126
0,2010,NL,10,Tim Lincecum,SFG,2,0,1%,3.3,16,10,0.615,3.43,33,33,0,1,1,0,212.1,194,84,81,18,76,7,231,5,0,9,897,1.272,114
0,2010,NL,10,Brett Myers,HOU,2,0,1%,4.9,14,8,0.636,3.14,33,33,0,2,0,0,223.2,212,88,78,20,66,3,180,3,0,2,936,1.243,126
0,2010,NL,12,Bronson Arroyo,CIN,1,0,0%,2.4,17,10,0.63,3.88,33,33,0,2,0,0,215.2,188,95,93,29,59,5,121,6,1,1,880,1.145,105
0,2010,NL,12,Matt Cain,SFG,1,0,0%,4.1,13,11,0.542,3.14,33,33,0,4,2,0,223.1,181,84,78,22,61,4,177,4,0,8,896,1.084,124
1,2009,AL,1,Zack Greinke,KCR,134,25,96%,10.4,16,8,0.667,2.16,33,33,0,6,3,0,229.1,195,64,55,11,51,0,242,4,0,5,915,1.073,205
0,2009,AL,2,Felix Hernandez,SEA,80,2,57%,5.9,19,5,0.792,2.49,34,34,0,2,1,0,238.2,200,81,66,15,71,0,217,8,1,17,977,1.135,171
0,2009,AL,3,Justin Verlander,DET,14,1,10%,5.5,19,9,0.679,3.45,35,35,0,3,1,0,240,219,99,92,20,63,5,269,6,4,8,982,1.175,131
0,2009,AL,4,CC Sabathia,NYY,13,0,9%,6.2,19,8,0.704,3.37,34,34,0,2,1,0,230,197,96,86,18,67,7,197,9,0,5,938,1.148,137
0,2009,AL,5,Roy Halladay,TOR,11,0,8%,6.9,17,10,0.63,2.79,32,32,0,9,4,0,239,234,82,74,22,35,0,208,5,0,2,963,1.126,159
1,2009,NL,1,Tim Lincecum,SFG,100,11,63%,7.4,15,7,0.682,2.48,32,32,0,4,2,0,225.1,168,69,62,10,68,2,261,6,0,11,905,1.047,171
0,2009,NL,2,Chris Carpenter,STL,94,9,59%,6.5,17,4,0.81,2.24,28,28,0,3,1,0,192.2,156,49,48,7,38,1,144,7,0,1,750,1.007,182
0,2009,NL,3,Adam Wainwright,STL,90,12,56%,6.3,19,8,0.704,2.63,34,34,0,1,0,0,233,216,75,68,17,66,1,212,3,0,7,970,1.21,155
0,2009,NL,4,Javier Vazquez,ATL,3,0,2%,6.2,15,10,0.6,2.87,32,32,0,3,0,0,219.1,181,75,70,20,44,2,238,4,0,6,874,1.026,143
0,2009,NL,5,Dan Haren,ARI,1,0,1%,6.5,14,10,0.583,3.14,33,33,0,3,1,0,229.1,192,83,80,27,38,2,223,4,0,13,909,1.003,142
1,2008,AL,1,Cliff Lee,CLE,132,24,94%,6.8,22,3,0.88,2.54,31,31,0,4,2,0,223.1,214,68,63,12,34,1,170,5,0,4,891,1.11,167
0,2008,AL,2,Roy Halladay,TOR,71,4,51%,6.2,20,11,0.645,2.78,34,33,0,9,2,0,246,220,88,76,18,39,3,206,12,0,4,987,1.053,152
0,2008,AL,3,Francisco Rodriguez,LAA,32,0,23%,2.5,2,3,0.4,2.24,76,0,69,0,0,62,68.1,54,21,17,4,34,4,77,2,0,6,288,1.288,199
0,2008,AL,4,Daisuke Matsuzaka,BOS,10,0,7%,5.4,18,3,0.857,2.9,29,29,0,0,0,0,167.2,128,58,54,12,94,1,154,7,0,5,716,1.324,160
0,2008,AL,5,Mariano Rivera,NYY,3,0,2%,4.3,6,5,0.545,1.4,64,0,60,0,0,39,70.2,41,11,11,4,6,0,77,2,0,1,259,0.665,316
0,2008,AL,6,Mike Mussina,NYY,2,0,1%,5.1,20,9,0.69,3.37,34,34,0,0,0,0,200.1,214,85,75,17,31,3,150,8,0,4,819,1.223,131
0,2008,AL,6,Ervin Santana,LAA,2,0,1%,5.1,16,7,0.696,3.49,32,32,0,2,1,0,219,198,89,85,23,47,2,214,8,1,5,897,1.119,127
1,2008,NL,1,Tim Lincecum,SFG,137,23,86%,7.8,18,5,0.783,2.62,34,33,0,2,1,0,227,182,72,66,11,84,1,265,6,2,17,928,1.172,168
0,2008,NL,2,Brandon Webb,ARI,73,4,46%,5.6,22,7,0.759,3.3,34,34,0,3,1,0,226.2,206,95,83,13,65,5,183,12,1,8,944,1.196,140
0,2008,NL,3,Johan Santana,NYM,55,4,34%,7.1,16,7,0.696,2.53,34,34,0,3,2,0,234.1,206,74,66,23,63,5,206,4,2,9,964,1.148,166
0,2008,NL,4,Brad Lidge,PHI,10,0,6%,2.4,2,0,1,1.95,72,0,61,0,0,41,69.1,50,17,15,2,35,4,92,1,0,5,292,1.226,224
0,2008,NL,5,CC Sabathia,MIL,9,1,6%,4.9,11,2,0.846,1.65,17,17,0,7,3,0,130.2,106,31,24,6,25,0,128,4,0,1,516,1.003,255
0,2008,NL,6,Ryan Dempster,CHC,4,0,3%,6.9,17,6,0.739,2.96,33,33,0,1,0,0,206.2,174,75,68,14,76,1,187,7,0,5,856,1.21,154
1,2007,AL,1,CC Sabathia,CLE,119,19,85%,6.3,19,7,0.731,3.21,34,34,0,4,1,0,241,238,94,86,20,37,1,209,8,0,1,975,1.141,141
0,2007,AL,2,Josh Beckett,BOS,86,8,61%,6.5,20,7,0.741,3.27,30,30,0,1,0,0,200.2,189,76,73,17,40,0,194,5,0,3,822,1.141,145
0,2007,AL,3,John Lackey,LAA,36,1,26%,6.3,19,9,0.679,3.01,33,33,0,2,2,0,224,219,87,75,18,52,2,179,12,1,9,929,1.21,150
0,2007,AL,4,Roberto Hernandez,CLE,7,0,5%,6.2,19,8,0.704,3.06,32,32,0,2,1,0,215,199,78,73,16,61,2,137,11,1,5,879,1.209,148
0,2007,AL,5,Erik Bedard,BAL,1,0,1%,5.7,13,5,0.722,3.16,28,28,0,1,1,0,182,141,66,64,19,57,0,221,5,0,3,733,1.088,146
0,2007,AL,5,Roy Halladay,TOR,1,0,1%,3.5,16,7,0.696,3.71,31,31,0,7,1,0,225.1,232,101,93,15,48,3,139,3,0,4,927,1.243,121
0,2007,AL,5,Johan Santana,MIN,1,0,1%,5,15,13,0.536,3.33,33,33,0,1,1,0,219,183,88,81,33,52,0,235,4,1,7,878,1.073,129
0,2007,AL,5,Justin Verlander,DET,1,0,1%,4.2,18,6,0.75,3.66,32,32,0,1,1,0,201.2,181,88,82,20,67,3,183,19,2,17,866,1.23,125
1,2007,NL,1,Jake Peavy,SDP,160,32,100%,6.2,19,6,0.76,2.54,34,34,0,0,0,0,223.1,169,67,63,13,68,5,240,6,0,4,898,1.061,158
0,2007,NL,2,Brandon Webb,ARI,94,0,59%,6.4,18,10,0.643,3.01,34,34,0,4,3,0,236.1,209,91,79,12,72,6,194,5,0,3,975,1.189,158
0,2007,NL,3,Brad Penny,LAD,14,0,9%,5.9,16,4,0.8,3.03,33,33,0,0,0,0,208,199,75,70,9,73,2,135,5,0,6,865,1.308,147
0,2007,NL,4,Aaron Harang,CIN,10,0,6%,6,16,6,0.727,3.73,34,34,0,2,1,0,231.2,213,100,96,28,52,3,218,8,1,12,948,1.144,124
0,2007,NL,5,Carlos Zambrano,CHC,3,0,2%,3.4,18,13,0.581,3.95,34,34,0,1,0,0,216.1,187,100,95,23,101,4,177,14,0,3,925,1.331,117
0,2007,NL,6,Cole Hamels,PHI,2,0,1%,4.1,15,5,0.75,3.39,28,28,0,2,0,0,183.1,163,72,69,25,43,4,177,3,0,5,743,1.124,135
0,2007,NL,6,John Smoltz,ATL,2,0,1%,4.6,14,8,0.636,3.11,32,32,0,0,0,0,205.2,196,78,71,18,47,9,197,4,0,8,853,1.182,140
0,2007,NL,6,Jose Valverde,ARI,2,0,1%,2.2,1,4,0.2,2.66,65,0,59,0,0,47,64.1,46,21,19,7,26,1,78,3,0,1,265,1.119,179
0,2007,NL,9,Jeff Francis,COL,1,0,1%,3.9,17,9,0.654,4.22,34,34,0,1,1,0,215.1,234,103,101,25,63,7,165,7,1,1,922,1.379,114
1,2006,AL,1,Johan Santana,MIN,140,28,100%,7.6,19,6,0.76,2.77,34,34,0,1,0,0,233.2,186,79,72,24,47,0,245,4,1,4,923,0.997,162
0,2006,AL,2,Chien-Ming Wang,NYY,51,0,36%,6,19,6,0.76,3.63,34,33,1,2,1,1,218,233,92,88,12,52,4,76,2,1,6,900,1.307,125
0,2006,AL,3,Roy Halladay,TOR,48,0,34%,5.3,16,5,0.762,3.19,32,32,0,4,0,0,220,208,82,78,19,34,5,132,5,0,3,876,1.1,143
0,2006,AL,4,Francisco Rodriguez,LAA,5,0,4%,3.7,2,3,0.4,1.73,69,0,58,0,0,47,73,52,16,14,6,28,5,98,1,0,10,296,1.096,263
0,2006,AL,5,Joe Nathan,MIN,3,0,2%,3.3,7,0,1,1.58,64,0,61,0,0,36,68.1,38,12,12,3,16,4,95,1,0,3,262,0.79,284
0,2006,AL,5,Kenny Rogers,DET,3,0,2%,3.2,17,8,0.68,3.84,34,33,1,0,0,0,204,195,97,87,23,62,2,99,9,0,5,849,1.26,118
0,2006,AL,7,Justin Verlander,DET,2,0,1%,4,17,9,0.654,3.63,30,30,0,1,1,0,186,187,78,75,21,60,1,124,6,1,5,776,1.328,125
1,2006,NL,1,Brandon Webb,ARI,103,15,64%,7,16,8,0.667,3.1,33,33,0,5,3,0,235,216,91,81,15,50,4,178,6,2,5,950,1.132,152
0,2006,NL,2,Trevor Hoffman,SDP,77,12,48%,2.1,0,2,0,2.14,65,0,50,0,0,46,63,48,16,15,6,13,1,50,1,0,2,248,0.968,190
0,2006,NL,3,Chris Carpenter,STL,63,2,39%,5.1,15,8,0.652,3.09,32,32,0,5,3,0,221.2,194,81,76,21,43,3,184,10,0,3,896,1.069,144
0,2006,NL,4,Roy Oswalt,HOU,31,3,19%,5.9,15,8,0.652,2.98,33,32,1,2,0,0,220.2,220,76,73,18,38,4,166,6,1,1,896,1.169,150
0,2006,NL,5,Carlos Zambrano,CHC,6,0,4%,5.3,16,7,0.696,3.41,33,33,0,0,0,0,214,162,91,81,20,115,4,210,9,1,9,917,1.294,136
0,2006,NL,6,Billy Wagner,NYM,4,0,3%,2.2,3,2,0.6,2.24,70,0,59,0,0,40,72.1,59,22,18,7,21,1,94,4,0,2,297,1.106,196
0,2006,NL,7,John Smoltz,ATL,3,0,2%,5.9,16,9,0.64,3.49,35,35,0,3,1,0,232,221,93,90,23,55,4,211,9,0,5,960,1.19,128
0,2006,NL,8,Takashi Saito,LAD,1,0,1%,3.2,6,2,0.75,2.07,72,0,48,0,0,24,78.1,48,19,18,3,23,3,107,2,0,2,303,0.906,218
1,2005,AL,1,Bartolo Colon,LAA,118,17,84%,4,21,8,0.724,3.48,33,33,0,2,0,0,222.2,215,93,86,26,43,0,157,3,1,2,906,1.159,122
0,2005,AL,2,Mariano Rivera,NYY,68,8,49%,4,7,4,0.636,1.38,71,0,67,0,0,43,78.1,50,18,12,2,18,0,80,4,0,0,306,0.868,308
0,2005,AL,3,Johan Santana,MIN,51,3,36%,7.2,16,7,0.696,2.87,33,33,0,3,2,0,231.2,180,77,74,22,45,1,238,1,0,8,910,0.971,155
0,2005,AL,4,Cliff Lee,CLE,8,0,6%,2.5,18,5,0.783,3.79,32,32,0,1,0,0,202,194,91,85,22,52,1,143,0,0,4,838,1.218,111
0,2005,AL,5,Mark Buehrle,CHW,5,0,4%,4.8,16,8,0.667,3.12,33,33,0,3,1,0,236.2,240,99,82,20,40,4,149,4,2,2,971,1.183,144
0,2005,AL,6,Jon Garland,CHW,1,0,1%,4.6,18,10,0.643,3.5,32,32,0,3,3,0,221,212,93,86,26,47,3,115,7,0,2,901,1.172,128
0,2005,AL,6,Kevin Millwood,CLE,1,0,1%,4,9,11,0.45,2.86,30,30,0,1,0,0,192,182,72,61,20,52,0,146,4,0,2,799,1.219,147
1,2005,NL,1,Chris Carpenter,STL,132,19,83%,5.8,21,5,0.808,2.83,33,33,0,7,4,0,241.2,204,82,76,18,51,0,213,3,0,5,953,1.055,150
0,2005,NL,2,Dontrelle Willis,FLA,112,11,70%,7.3,22,10,0.688,2.63,34,34,0,7,5,0,236.1,213,79,69,11,55,3,170,8,1,2,960,1.134,152
0,2005,NL,3,Roger Clemens,HOU,40,2,25%,7.8,13,8,0.619,1.87,32,32,0,1,0,0,211.1,151,51,44,11,62,5,185,3,1,3,838,1.008,226
0,2005,NL,4,Roy Oswalt,HOU,2,0,1%,5.9,20,12,0.625,2.94,35,35,0,4,1,0,241.2,243,85,79,18,48,3,184,8,1,5,1002,1.204,144
0,2005,NL,5,Chad Cordero,WSN,1,0,1%,2,2,4,0.333,1.82,74,0,62,0,0,47,74.1,55,24,15,9,17,2,61,2,0,0,300,0.969,225
0,2005,NL,5,Andy Pettitte,HOU,1,0,1%,6.8,17,9,0.654,2.39,33,33,0,0,0,0,222.1,188,66,59,17,41,0,171,3,0,2,875,1.03,177
1,2004,AL,1,Johan Santana,MIN,140,28,100%,8.7,20,6,0.769,2.61,34,34,0,1,1,0,228,156,70,66,24,54,0,265,9,0,7,881,0.921,182
0,2004,AL,2,Curt Schilling,BOS,82,0,59%,7.8,21,6,0.778,3.26,32,32,0,3,0,0,226.2,206,84,82,23,35,0,203,5,0,3,910,1.063,148
0,2004,AL,3,Mariano Rivera,NYY,27,0,19%,4.2,4,2,0.667,1.94,74,0,69,0,0,53,78.2,65,17,17,3,20,3,66,5,0,0,316,1.081,232
0,2004,AL,4,Pedro Martinez,BOS,1,0,1%,5.5,16,9,0.64,3.9,33,33,0,1,1,0,217,193,99,94,26,61,0,227,16,0,2,903,1.171,124
0,2004,AL,4,Joe Nathan,MIN,1,0,1%,3.9,1,2,0.333,1.62,73,0,63,0,0,44,72.1,48,14,13,3,23,3,89,2,0,5,284,0.982,294
0,2004,AL,4,Francisco Rodriguez,ANA,1,0,1%,3.3,4,1,0.8,1.82,69,0,29,0,0,12,84,51,21,17,2,33,1,123,1,0,5,335,1,245
1,2004,NL,1,Roger Clemens,HOU,140,23,88%,5.4,18,4,0.818,2.98,33,33,0,0,0,0,214.1,169,76,71,15,79,5,218,6,0,5,878,1.157,145
0,2004,NL,2,Randy Johnson,ARI,97,8,61%,8.4,16,14,0.533,2.6,35,35,0,4,2,0,245.2,177,88,71,18,44,1,290,10,1,3,964,0.9,176
0,2004,NL,3,Roy Oswalt,HOU,19,1,12%,3.9,20,10,0.667,3.49,36,35,0,2,2,0,237,233,100,92,17,62,5,206,11,1,5,983,1.245,124
0,2004,NL,4,Jason Schmidt,SFG,13,0,8%,6.8,18,7,0.72,3.2,32,32,0,4,3,0,225,165,84,80,18,77,3,251,3,1,7,907,1.076,136
0,2004,NL,5,Carlos Zambrano,CHC,8,0,5%,6.6,16,8,0.667,2.75,31,31,0,1,1,0,209.2,174,73,64,14,81,4,188,20,2,6,887,1.216,160
0,2004,NL,6,Carl Pavano,FLA,6,0,4%,5.3,18,8,0.692,3,31,31,0,2,2,0,222.1,212,80,74,16,49,13,139,11,3,2,909,1.174,137
0,2004,NL,7,Eric Gagne,LAD,3,0,2%,2.3,7,3,0.7,2.19,70,0,59,0,0,45,82.1,53,24,20,5,22,3,114,5,0,2,326,0.911,188
0,2004,NL,8,Brad Lidge,HOU,1,0,1%,3.8,6,5,0.545,1.9,80,0,44,0,0,29,94.2,57,21,20,8,30,5,157,6,1,3,369,0.919,228
0,2004,NL,8,Ben Sheets,MIL,1,0,1%,7.2,12,14,0.462,2.7,34,34,0,5,0,0,237,201,85,71,25,32,1,264,4,1,8,937,0.983,162
1,2003,AL,1,Roy Halladay,TOR,136,26,97%,8.1,22,7,0.759,3.25,36,36,0,9,2,0,266,253,111,96,26,32,1,204,9,1,6,1071,1.071,145
0,2003,AL,2,Esteban Loaiza,CHW,63,2,45%,7.2,21,9,0.7,2.9,34,34,0,1,0,0,226.1,196,75,73,17,56,2,207,10,1,3,922,1.113,159
0,2003,AL,3,Pedro Martinez,BOS,20,0,14%,8,14,4,0.778,2.22,29,29,0,3,0,0,186.2,147,52,46,7,47,0,206,9,0,5,749,1.039,211
0,2003,AL,4,Tim Hudson,OAK,15,0,11%,7.4,16,7,0.696,2.7,34,34,0,3,2,0,240,197,84,72,15,61,9,162,10,0,6,967,1.075,165
0,2003,AL,5,Jamie Moyer,SEA,12,0,9%,4.7,21,7,0.75,3.27,33,33,0,1,0,0,215,199,83,78,19,66,3,129,8,0,0,897,1.233,132
0,2003,AL,6,Andy Pettitte,NYY,4,0,3%,3.1,21,8,0.724,4.02,33,33,0,1,0,0,208.1,227,109,93,21,50,3,180,1,0,5,896,1.33,110
0,2003,AL,7,Keith Foulke,OAK,1,0,1%,3.5,9,1,0.9,2.08,72,0,67,0,0,43,86.2,57,21,20,10,20,2,88,7,1,0,338,0.888,215
0,2003,AL,7,Johan Santana,MIN,1,0,1%,4.1,12,3,0.8,3.07,45,18,7,0,0,0,158.1,127,56,54,17,47,1,169,3,2,6,644,1.099,148
1,2003,NL,1,Eric Gagne,LAD,146,28,91%,3.7,2,3,0.4,1.2,77,0,67,0,0,55,82.1,37,12,11,2,20,2,137,3,0,2,306,0.692,337
0,2003,NL,2,Jason Schmidt,SFG,73,2,46%,6.7,17,5,0.773,2.34,29,29,0,5,3,0,207.2,152,56,54,14,46,1,208,5,1,7,819,0.953,180
0,2003,NL,3,Mark Prior,CHC,60,2,38%,7.4,18,6,0.75,2.43,30,30,0,3,1,0,211.1,183,67,57,15,50,4,245,9,0,9,863,1.103,179
0,2003,NL,4,Russ Ortiz,ATL,9,0,6%,2.2,21,7,0.75,3.81,34,34,0,1,1,0,212.1,177,101,90,17,102,7,149,4,0,5,912,1.314,113
1,2002,AL,1,Barry Zito,OAK,114,17,81%,7.2,23,5,0.821,2.75,35,35,0,1,0,0,229.1,182,79,70,24,78,2,182,9,1,2,939,1.134,158
0,2002,AL,2,Pedro Martinez,BOS,96,11,69%,6.5,20,4,0.833,2.26,30,30,0,2,0,0,199.1,144,62,50,13,40,1,239,15,0,3,787,0.923,202
0,2002,AL,3,Derek Lowe,BOS,41,0,29%,7.2,21,8,0.724,2.58,32,32,0,1,1,0,219.2,166,65,63,12,48,0,127,12,0,5,854,0.974,177
0,2002,AL,4,Jarrod Washburn,ANA,1,0,1%,4.5,18,6,0.75,3.15,32,32,0,1,0,0,206,183,75,72,19,59,1,139,3,1,5,852,1.175,141
1,2002,NL,1,Randy Johnson,ARI,160,32,100%,10.7,24,5,0.828,2.32,35,35,0,8,4,0,260,197,78,67,26,71,1,334,13,2,3,1035,1.031,195
0,2002,NL,2,Curt Schilling,ARI,90,0,56%,8.6,23,7,0.767,3.23,36,35,0,5,1,0,259.1,218,95,93,29,33,1,316,3,0,6,1017,0.968,140
0,2002,NL,3,John Smoltz,ATL,21,0,13%,1.2,3,2,0.6,3.25,75,0,68,0,0,55,80.1,59,30,29,4,24,1,85,0,1,1,314,1.033,128
0,2002,NL,4,Eric Gagne,LAD,8,0,5%,2.9,4,1,0.8,1.97,77,0,68,0,0,52,82.1,55,18,18,6,16,4,114,2,0,1,314,0.862,193
0,2002,NL,4,Roy Oswalt,HOU,8,0,5%,7,19,9,0.679,3.01,35,34,0,0,0,0,233,215,86,78,17,62,4,208,5,0,3,956,1.189,144
0,2002,NL,6,Bartolo Colon,MON,1,0,1%,2.4,10,4,0.714,3.31,17,17,0,4,1,0,117,115,48,43,9,39,4,74,0,0,1,499,1.316,129
1,2001,AL,1,Roger Clemens,NYY,122,21,87%,5.7,20,3,0.87,3.51,33,33,0,0,0,0,220.1,205,94,86,19,72,1,213,5,0,14,918,1.257,128
0,2001,AL,2,Mark Mulder,OAK,60,2,43%,5.6,21,8,0.724,3.45,34,34,0,6,4,0,229.1,214,92,88,16,51,4,153,5,0,4,927,1.156,126
0,2001,AL,3,Freddy Garcia,SEA,55,4,39%,4.2,18,6,0.75,3.05,34,34,0,4,3,0,238.2,199,88,81,16,69,6,163,5,1,3,971,1.123,135
0,2001,AL,4,Jamie Moyer,SEA,12,1,9%,3.4,20,6,0.769,3.43,33,33,0,1,0,0,209.2,187,84,80,24,44,4,119,10,0,1,851,1.102,120
0,2001,AL,5,Mike Mussina,NYY,2,0,1%,7.1,17,11,0.607,3.15,34,34,0,4,3,0,228.2,202,87,80,20,42,2,214,4,0,6,909,1.067,143
0,2001,AL,6,Tim Hudson,OAK,1,0,1%,4.5,18,9,0.667,3.37,35,35,0,3,0,0,235,216,100,88,20,71,5,181,6,1,9,980,1.221,129
1,2001,NL,1,Randy Johnson,ARI,156,30,98%,10.1,21,6,0.778,2.49,35,34,1,3,2,0,249.2,181,74,69,19,71,2,372,18,1,8,994,1.009,188
0,2001,NL,2,Curt Schilling,ARI,98,2,61%,8.8,22,6,0.786,2.98,35,35,0,6,1,0,256.2,237,86,85,37,39,0,293,1,0,4,1021,1.075,157
0,2001,NL,3,Matt Morris,STL,31,0,19%,4.1,22,8,0.733,3.16,34,34,0,2,1,0,216.1,218,86,76,13,54,3,185,13,1,5,909,1.257,137
0,2001,NL,4,Jon Lieber,CHC,2,0,1%,3.9,20,6,0.769,3.8,34,34,0,5,1,0,232.1,226,104,98,25,41,4,148,7,1,4,958,1.149,109
0,2001,NL,5,Roy Oswalt,HOU,1,0,1%,4.7,14,3,0.824,2.73,28,20,4,3,1,0,141.2,126,48,43,13,24,2,144,6,0,0,575,1.059,170
1,2000,AL,1,Pedro Martinez,BOS,140,28,100%,11.7,18,6,0.75,1.74,29,29,0,7,4,0,217,128,44,42,17,32,0,284,14,0,1,817,0.737,291
0,2000,AL,2,Tim Hudson,OAK,54,0,39%,4,20,6,0.769,4.14,32,32,0,2,2,0,202.1,169,100,93,24,82,5,169,7,0,7,847,1.241,113
0,2000,AL,3,David Wells,TOR,46,0,33%,4.8,20,8,0.714,4.11,35,35,0,9,1,0,229.2,266,115,105,23,31,0,166,8,1,9,972,1.293,123
0,2000,AL,4,Andy Pettitte,NYY,7,0,5%,3.6,19,9,0.679,4.35,32,32,0,3,1,0,204.2,219,111,99,17,80,4,125,4,3,2,903,1.461,111
0,2000,AL,5,Todd Jones,DET,3,0,2%,1.2,2,4,0.333,3.52,67,0,60,0,0,42,64,67,28,25,6,25,1,67,1,0,2,271,1.438,134
0,2000,AL,6,Roger Clemens,NYY,1,0,1%,4.6,13,8,0.619,3.7,32,32,0,1,0,0,204.1,184,96,84,26,84,0,188,10,1,2,878,1.312,131
0,2000,AL,6,Mike Mussina,BAL,1,0,1%,5.7,11,15,0.423,3.79,34,34,0,6,1,0,237.2,236,105,100,28,46,0,210,3,0,3,987,1.187,125
1,2000,NL,1,Randy Johnson,ARI,133,22,83%,8.1,19,7,0.731,2.64,35,35,0,8,3,0,248.2,202,89,73,23,76,1,347,6,2,5,1001,1.118,181
0,2000,NL,2,Tom Glavine,ATL,64,4,40%,4.9,21,9,0.7,3.4,35,35,0,4,2,0,241,222,101,91,24,65,6,152,4,0,0,992,1.191,135
0,2000,NL,3,Greg Maddux,ATL,59,3,37%,6.5,19,9,0.679,3,35,35,0,6,3,0,249.1,225,91,83,19,42,12,190,10,2,1,1012,1.071,153
0,2000,NL,4,Robb Nen,SFG,20,2,13%,2.5,4,3,0.571,1.5,68,0,63,0,0,41,66,37,15,11,4,19,1,92,2,0,5,256,0.848,286
0,2000,NL,5,Darryl Kile,STL,8,1,5%,3.7,20,9,0.69,3.91,34,34,0,5,1,0,232.1,215,109,101,33,58,1,192,13,1,8,960,1.175,120
0,2000,NL,6,Kevin Brown,LAD,4,0,3%,7,13,6,0.684,2.58,33,33,0,5,1,0,230,181,76,66,21,47,1,216,9,0,4,921,0.991,167
1,1999,AL,1,Pedro Martinez,BOS,140,28,100%,9.8,23,4,0.852,2.07,31,29,1,5,1,0,213.1,160,56,49,9,37,1,313,9,0,6,835,0.923,243
0,1999,AL,2,Mike Mussina,BAL,54,0,39%,4.4,18,7,0.72,3.5,31,31,0,4,0,0,203.1,207,88,79,16,52,0,172,1,0,2,842,1.274,133
0,1999,AL,3,Mariano Rivera,NYY,27,0,19%,3.5,4,3,0.571,1.83,66,0,63,0,0,45,69,43,15,14,2,18,3,52,3,1,2,268,0.884,257
0,1999,AL,4,Bartolo Colon,CLE,14,0,10%,4.4,18,5,0.783,3.95,32,32,0,1,1,0,205,185,97,90,24,76,5,161,7,0,4,858,1.273,126
0,1999,AL,5,Aaron Sele,TEX,4,0,3%,3.6,18,9,0.667,4.79,33,33,0,2,2,0,205,244,115,109,21,70,3,186,12,0,4,920,1.532,106
0,1999,AL,6,David Cone,NYY,3,0,2%,5.1,12,9,0.571,3.44,31,31,0,1,1,0,193.1,164,84,74,21,90,2,177,11,1,7,827,1.314,136
0,1999,AL,6,Jamie Moyer,SEA,3,0,2%,6.5,14,8,0.636,3.87,32,32,0,4,0,0,228,235,108,98,23,48,1,137,9,0,3,945,1.241,129
0,1999,AL,6,John Wetteland,TEX,3,0,2%,1.6,4,4,0.5,3.68,62,0,59,0,0,43,66,67,30,27,9,19,1,60,0,0,0,281,1.303,138
0,1999,AL,9,Freddy Garcia,SEA,2,0,1%,5.4,17,8,0.68,4.07,33,33,0,2,1,0,201.1,205,96,91,18,90,4,170,10,3,12,888,1.465,122
0,1999,AL,10,Keith Foulke,CHW,1,0,1%,4.5,3,3,0.5,2.22,67,0,31,0,0,9,105.1,72,28,26,11,21,4,123,3,0,1,411,0.883,222
0,1999,AL,10,Roberto Hernandez,TBD,1,0,1%,2.7,2,3,0.4,3.07,72,0,66,0,0,43,73.1,68,27,25,1,33,1,69,4,0,3,321,1.377,161
1,1999,NL,1,Randy Johnson,ARI,134,20,84%,9.1,17,9,0.654,2.48,35,35,0,12,2,0,271.2,207,86,75,30,70,3,364,9,2,4,1079,1.02,184
0,1999,NL,2,Mike Hampton,HOU,110,11,69%,6.7,22,4,0.846,2.9,34,34,0,3,2,0,239,206,86,77,12,101,2,177,5,0,9,979,1.285,155
0,1999,NL,3,Kevin Millwood,ATL,36,1,23%,6.2,18,7,0.72,2.68,33,33,0,2,0,0,228,168,80,68,24,59,2,205,4,0,5,906,0.996,167
0,1999,NL,4,Jose Lima,HOU,3,0,2%,4.5,21,10,0.677,3.58,35,35,0,3,0,0,246.1,256,108,98,30,44,2,187,2,0,8,1024,1.218,125
0,1999,NL,4,Billy Wagner,HOU,3,0,2%,3.8,4,1,0.8,1.57,66,0,55,0,0,39,74.2,35,14,13,5,23,1,124,1,0,2,286,0.777,287
0,1999,NL,6,Kevin Brown,LAD,1,0,1%,6.2,18,9,0.667,3,35,35,0,5,1,0,252.1,210,99,84,19,59,1,221,7,1,4,1018,1.066,143
0,1999,NL,6,Trevor Hoffman,SDP,1,0,1%,1.6,2,3,0.4,2.14,64,0,54,0,0,40,67.1,48,23,16,5,15,2,73,0,0,4,263,0.936,198
1,1998,AL,1,Roger Clemens,TOR,140,28,100%,8.1,20,6,0.769,2.65,33,33,0,5,3,0,234.2,169,78,69,11,88,0,271,7,0,6,961,1.095,174
0,1998,AL,2,Pedro Martinez,BOS,65,0,46%,7.3,19,7,0.731,2.89,33,33,0,3,2,0,233.2,188,82,75,26,67,3,251,8,0,9,951,1.091,163
0,1998,AL,3,David Wells,NYY,31,0,22%,4.8,18,4,0.818,3.49,30,30,0,8,5,0,214.1,195,86,83,29,29,0,163,1,0,2,851,1.045,127
0,1998,AL,4,David Cone,NYY,16,0,11%,4,20,7,0.741,3.55,31,31,0,3,0,0,207.2,186,89,82,20,59,1,209,15,0,6,866,1.18,125
1,1998,NL,1,Tom Glavine,ATL,99,11,62%,6.1,20,6,0.769,2.47,33,33,0,4,3,0,229.1,202,67,63,13,74,2,157,2,0,3,934,1.203,168
0,1998,NL,2,Trevor Hoffman,SDP,88,13,55%,4.1,4,2,0.667,1.48,66,0,61,0,0,53,73,41,12,12,2,21,2,86,1,0,8,274,0.849,265
0,1998,NL,3,Kevin Brown,SDP,76,8,48%,8.6,18,7,0.72,2.38,36,35,0,7,3,0,257,225,77,68,8,49,4,257,10,0,10,1032,1.066,164
0,1998,NL,4,Greg Maddux,ATL,10,0,6%,6.6,18,9,0.667,2.22,34,34,0,9,5,0,251,201,75,62,13,45,10,204,7,0,4,987,0.98,187
0,1998,NL,4,John Smoltz,ATL,10,0,6%,3.3,17,3,0.85,2.9,26,26,0,2,2,0,167.2,145,58,54,10,44,2,173,4,1,3,681,1.127,144
0,1998,NL,6,Al Leiter,NYM,3,0,2%,6.7,17,6,0.739,2.47,28,28,0,4,2,0,193,151,55,53,8,71,2,174,11,1,4,789,1.15,170
0,1998,NL,7,Randy Johnson,HOU,2,0,1%,4.3,10,1,0.909,1.28,11,11,0,4,4,0,84.1,57,12,12,4,26,1,116,3,0,0,329,0.984,322
1,1997,AL,1,Roger Clemens,TOR,134,25,96%,11.9,21,7,0.75,2.05,34,34,0,9,3,0,264,204,65,60,9,68,1,292,12,0,4,1044,1.03,222
0,1997,AL,2,Randy Johnson,SEA,77,2,55%,8,20,4,0.833,2.28,30,29,0,5,2,0,213,147,60,54,20,77,2,291,10,0,4,850,1.052,197
0,1997,AL,3,Brad Radke,MIN,17,0,12%,4.6,20,10,0.667,3.87,35,35,0,4,1,0,239.2,238,114,103,28,48,1,174,3,1,1,989,1.193,120
0,1997,AL,4,Randy Myers,BAL,14,1,10%,3.1,2,3,0.4,1.51,61,0,57,0,0,45,59.2,47,12,10,2,22,2,56,0,0,3,241,1.156,293
0,1997,AL,5,Andy Pettitte,NYY,9,0,6%,8.4,18,7,0.72,2.88,35,35,0,4,1,0,240.1,233,86,77,7,65,0,166,3,0,7,986,1.24,156
0,1997,AL,6,Mike Mussina,BAL,1,0,1%,5.5,15,8,0.652,3.2,33,33,0,4,1,0,224.2,197,87,80,27,54,3,218,3,0,5,905,1.117,137
1,1997,NL,1,Pedro Martinez,MON,134,25,96%,9,17,8,0.68,1.9,31,31,0,13,4,0,241.1,158,65,51,16,67,5,305,9,1,3,947,0.932,219
0,1997,NL,2,Greg Maddux,ATL,75,3,54%,7.8,19,4,0.826,2.2,33,33,0,5,2,0,232.2,200,58,57,9,20,6,177,6,0,0,893,0.946,189
0,1997,NL,3,Denny Neagle,ATL,24,0,17%,4.5,20,5,0.8,2.97,34,34,0,4,4,0,233.1,204,87,77,18,49,5,172,6,0,3,947,1.084,140
0,1997,NL,4,Curt Schilling,PHI,12,0,9%,6.3,17,11,0.607,2.97,35,35,0,7,2,0,254.1,208,96,84,25,58,3,319,5,1,5,1009,1.046,143
0,1997,NL,5,Darryl Kile,HOU,7,0,5%,5.4,19,7,0.731,2.57,34,34,0,6,4,0,255.2,208,87,73,19,94,2,205,10,1,7,1056,1.181,156
1,1996,AL,1,Pat Hentgen,TOR,110,16,79%,8.6,20,10,0.667,3.22,35,35,0,10,3,0,265.2,238,105,95,20,94,3,177,5,0,8,1100,1.25,156
0,1996,AL,2,Andy Pettitte,NYY,104,11,74%,5.6,21,8,0.724,3.87,35,34,1,2,0,0,221,229,105,95,23,72,2,162,3,1,6,929,1.362,129
0,1996,AL,3,Mariano Rivera,NYY,18,1,13%,5,8,3,0.727,2.09,61,0,14,0,0,5,107.2,73,25,25,1,34,3,130,2,0,1,425,0.994,240
0,1996,AL,4,Charles Nagy,CLE,12,0,9%,6.6,17,5,0.773,3.41,32,32,0,5,0,0,222,217,89,84,21,61,2,167,3,0,7,921,1.252,143
0,1996,AL,5,Mike Mussina,BAL,5,0,4%,3.7,19,11,0.633,4.81,36,36,0,4,1,0,243.1,264,137,130,31,69,0,204,3,0,3,1039,1.368,103
0,1996,AL,6,Alex Fernandez,CHW,1,0,1%,6.4,16,10,0.615,3.45,35,35,0,6,1,0,258,248,110,99,34,72,4,200,7,0,5,1071,1.24,138
0,1996,AL,6,Roberto Hernandez,CHW,1,0,1%,4.1,6,5,0.545,1.91,72,0,61,0,0,38,84.2,65,21,18,2,38,5,85,0,0,6,355,1.217,249
0,1996,AL,6,Ken Hill,TEX,1,0,1%,6.6,16,10,0.615,3.63,35,35,0,7,3,0,250.2,250,110,101,19,95,3,170,6,4,5,1061,1.376,145
1,1996,NL,1,John Smoltz,ATL,136,26,97%,7.4,24,8,0.75,2.94,35,35,0,6,2,0,253.2,199,93,83,19,55,3,276,2,1,10,995,1.001,149
0,1996,NL,2,Kevin Brown,FLA,88,2,63%,7.9,17,11,0.607,1.89,32,32,0,5,3,0,233,187,60,49,8,33,2,159,16,1,6,906,0.944,215
0,1996,NL,3,Andy Benes,STL,9,0,6%,2.4,18,10,0.643,3.83,36,34,1,3,1,1,230.1,215,107,98,28,77,7,160,6,0,6,963,1.268,109
0,1996,NL,4,Hideo Nomo,LAD,5,0,4%,4.7,16,11,0.593,3.19,33,33,0,3,2,0,228.1,180,93,81,23,85,6,234,2,3,11,932,1.161,122
0,1996,NL,5,Trevor Hoffman,SDP,4,0,3%,3.8,9,5,0.643,2.25,70,0,62,0,0,42,88,50,23,22,6,31,5,111,2,0,2,348,0.92,177
0,1996,NL,5,Greg Maddux,ATL,4,0,3%,7.2,15,11,0.577,2.72,35,35,0,5,1,0,245,225,85,74,11,28,11,172,3,0,4,978,1.033,162
0,1996,NL,5,Todd Worrell,LAD,4,0,3%,0.9,4,6,0.4,3.03,72,0,67,0,0,44,65.1,70,29,22,5,15,1,66,2,1,4,285,1.301,129
0,1996,NL,8,Denny Neagle,TOT,2,0,1%,6,16,9,0.64,3.5,33,33,0,2,0,0,221.1,226,93,86,26,48,2,149,3,1,3,910,1.238,126
0,1996,NL,9,Jeff Fassero,MON,1,0,1%,5.6,15,11,0.577,3.3,34,34,0,5,1,0,231.2,217,95,85,20,55,3,222,3,2,5,967,1.174,131
0,1996,NL,9,Al Leiter,FLA,1,0,1%,5.5,16,12,0.571,2.93,33,33,0,2,1,0,215.1,153,74,70,14,119,3,200,11,0,5,896,1.263,139
0,1996,NL,9,Shane Reynolds,HOU,1,0,1%,3.6,16,10,0.615,3.65,35,35,0,4,1,0,239,227,103,97,20,44,3,204,8,1,5,981,1.134,105
1,1995,AL,1,Randy Johnson,SEA,136,26,97%,8.6,18,2,0.9,2.48,30,30,0,6,3,0,214.1,159,65,59,12,65,1,294,6,2,5,866,1.045,193
0,1995,AL,2,Jose Mesa,CLE,54,2,39%,3.9,3,0,1,1.13,62,0,57,0,0,46,64,49,9,8,3,17,2,58,0,0,5,250,1.031,418
0,1995,AL,3,Tim Wakefield,BOS,29,0,21%,5,16,8,0.667,2.95,27,27,0,6,1,0,195.1,163,76,64,22,68,0,119,9,0,11,804,1.183,165
0,1995,AL,4,David Cone,TOT,18,0,13%,7,18,8,0.692,3.57,30,30,0,6,2,0,229.1,195,95,91,24,88,2,191,6,1,11,954,1.234,131
0,1995,AL,5,Mike Mussina,BAL,14,0,10%,6.1,19,9,0.679,3.29,32,32,0,7,4,0,221.2,187,86,81,24,50,4,158,1,0,2,882,1.069,145
0,1995,AL,6,Charles Nagy,CLE,1,0,1%,2.4,16,6,0.727,4.55,29,29,0,2,1,0,178,194,95,90,20,61,0,139,6,0,2,771,1.433,103
1,1995,NL,1,Greg Maddux,ATL,140,28,100%,9.7,19,2,0.905,1.63,28,28,0,10,3,0,209.2,147,39,38,8,23,3,181,4,0,1,785,0.811,260
0,1995,NL,2,Pete Schourek,CIN,55,0,39%,4.1,18,7,0.72,3.22,29,29,0,2,0,0,190.1,158,72,68,17,45,3,160,8,1,1,754,1.067,128
0,1995,NL,3,Tom Glavine,ATL,30,0,21%,4.8,16,7,0.696,3.08,29,29,0,3,1,0,198.2,182,76,68,9,66,0,127,5,0,3,822,1.248,137
0,1995,NL,4,Hideo Nomo,LAD,29,0,21%,4.7,13,6,0.684,2.54,28,28,0,4,3,0,191.1,124,63,54,14,78,2,236,5,5,19,780,1.056,149
0,1995,NL,5,Ramon Martinez,LAD,8,0,6%,2.3,17,7,0.708,3.66,30,30,0,4,2,0,206.1,176,95,84,19,81,5,138,5,0,3,859,1.246,103
1,1994,AL,1,David Cone,KCR,108,15,77%,6.9,16,5,0.762,2.94,23,23,0,4,3,0,171.2,130,60,56,15,54,0,132,7,1,5,690,1.072,171
0,1994,AL,2,Jimmy Key,NYY,96,10,69%,4.4,17,4,0.81,3.27,25,25,0,1,0,0,168,177,68,61,10,52,0,97,3,1,8,710,1.363,140
0,1994,AL,3,Randy Johnson,SEA,24,2,17%,5.5,13,6,0.684,3.19,23,23,0,9,4,0,172,132,65,61,14,72,2,204,6,0,5,694,1.186,152
0,1994,AL,4,Mike Mussina,BAL,23,1,16%,5.4,16,5,0.762,3.06,24,24,0,3,0,0,176.1,163,63,60,19,42,1,99,1,0,0,712,1.163,164
0,1994,AL,5,Lee Smith,BAL,1,0,1%,0.8,1,4,0.2,3.29,41,0,39,0,0,33,38.1,34,16,14,6,11,1,42,0,0,0,160,1.174,153
1,1994,NL,1,Greg Maddux,ATL,140,28,100%,8.5,16,6,0.727,1.56,25,25,0,10,3,0,202,150,44,35,4,31,3,156,6,1,3,774,0.896,271
0,1994,NL,2,Ken Hill,MON,56,0,40%,3,16,5,0.762,3.32,23,23,0,2,1,0,154.2,145,61,57,12,44,7,85,6,0,3,647,1.222,127
0,1994,NL,3,Bret Saberhagen,NYM,42,0,30%,5.5,14,4,0.778,2.74,24,24,0,4,0,0,177.1,169,58,54,13,13,0,143,4,0,0,696,1.026,153
0,1994,NL,4,Doug Drabek,HOU,4,0,3%,3.4,12,6,0.667,2.84,23,23,0,6,2,0,164.2,132,58,52,14,45,2,121,2,0,2,657,1.075,140
0,1994,NL,4,Marvin Freeman,COL,4,0,3%,4.5,10,2,0.833,2.8,19,18,0,0,0,0,112.2,113,39,35,10,23,2,67,5,0,4,465,1.207,179
0,1994,NL,6,Danny Jackson,PHI,3,0,2%,4.7,14,6,0.7,3.26,25,25,0,4,1,0,179.1,183,71,65,13,46,1,129,2,0,2,755,1.277,132
0,1994,NL,7,John Franco,NYM,2,0,1%,0.9,1,4,0.2,2.7,47,0,43,0,0,30,50,47,20,15,2,19,0,42,1,0,1,216,1.32,156
0,1994,NL,8,Rod Beck,SFG,1,0,1%,0.8,2,4,0.333,2.77,48,0,47,0,0,28,48.2,49,17,15,10,13,2,39,0,0,0,207,1.274,144
1,1993,AL,1,Jack McDowell,CHW,124,21,89%,4.4,22,10,0.688,3.37,34,34,0,10,4,0,256.2,261,104,96,20,69,6,158,3,1,8,1067,1.286,125
0,1993,AL,2,Randy Johnson,SEA,75,6,54%,6.6,19,8,0.704,3.24,35,34,1,10,3,1,255.1,185,97,92,22,99,1,308,16,2,8,1043,1.112,135
0,1993,AL,3,Kevin Appier,KCR,30,1,21%,9.3,18,8,0.692,2.56,34,34,0,5,1,0,238.2,183,74,68,8,81,3,186,1,0,5,953,1.106,179
0,1993,AL,4,Jimmy Key,NYY,14,0,10%,6.3,18,6,0.75,3,34,34,0,4,2,0,236.2,219,84,79,26,43,1,173,1,0,3,948,1.107,139
0,1993,AL,5,Duane Ward,TOR,5,0,4%,3,2,3,0.4,2.13,71,0,70,0,0,45,71.2,49,17,17,4,25,2,97,1,0,7,282,1.033,204
0,1993,AL,6,Pat Hentgen,TOR,3,0,2%,3.4,19,9,0.679,3.87,34,32,0,3,0,0,216.1,215,103,93,27,74,0,122,7,1,11,926,1.336,112
0,1993,AL,7,Juan Guzman,TOR,1,0,1%,3.4,14,3,0.824,3.99,33,33,0,2,1,0,221,211,107,98,17,110,2,194,3,1,26,963,1.452,109
1,1993,NL,1,Greg Maddux,ATL,119,22,85%,5.8,20,10,0.667,2.36,36,36,0,8,1,0,267,228,85,70,14,52,7,197,6,1,5,1064,1.049,170
0,1993,NL,2,Bill Swift,SFG,61,2,44%,4.5,21,8,0.724,2.82,34,34,0,1,1,0,232.2,195,82,73,18,55,5,157,6,0,4,928,1.074,138
0,1993,NL,3,Tom Glavine,ATL,49,4,35%,3.3,22,6,0.786,3.2,36,36,0,4,2,0,239.1,236,91,85,16,90,7,120,2,0,4,1014,1.362,126
0,1993,NL,4,John Burkett,SFG,9,0,6%,2.6,22,7,0.759,3.65,34,34,0,2,1,0,231.2,224,100,94,18,40,4,145,11,2,1,942,1.14,107
0,1993,NL,5,Jose Rijo,CIN,8,0,6%,9.2,14,9,0.609,2.48,36,36,0,2,1,0,257.1,218,76,71,19,62,2,227,2,1,0,1029,1.088,162
0,1993,NL,6,Tommy Greene,PHI,2,0,1%,3.6,16,4,0.8,3.42,31,30,0,7,2,0,200,175,84,76,12,62,3,167,3,0,15,834,1.185,116
0,1993,NL,6,Mark Portugal,HOU,2,0,1%,3.8,18,4,0.818,2.77,33,33,0,1,1,0,208,194,75,64,10,77,3,131,4,2,9,876,1.303,139
0,1993,NL,8,Bryan Harvey,FLA,1,0,1%,4,1,5,0.167,1.7,59,0,54,0,0,45,69,45,14,13,4,13,2,73,0,1,0,264,0.841,252
0,1993,NL,8,Randy Myers,CHC,1,0,1%,1.3,2,4,0.333,3.11,73,0,69,0,0,53,75.1,65,26,26,7,26,2,86,1,0,3,313,1.208,127
1,1992,AL,1,Dennis Eckersley,OAK,107,19,76%,2.9,7,1,0.875,1.91,69,0,65,0,0,51,80,62,17,17,5,11,6,93,1,0,0,309,0.913,195
0,1992,AL,2,Jack McDowell,CHW,51,2,36%,5.3,20,10,0.667,3.18,34,34,0,13,1,0,260.2,247,95,92,21,75,9,178,7,0,6,1079,1.235,122
0,1992,AL,3,Roger Clemens,BOS,48,4,34%,8.7,18,11,0.621,2.41,32,32,0,11,5,0,246.2,203,80,66,11,62,5,208,9,0,3,989,1.074,174
0,1992,AL,4,Mike Mussina,BAL,26,2,19%,8.2,18,5,0.783,2.54,32,32,0,8,4,0,241,212,70,68,16,48,2,130,2,0,6,957,1.079,157
0,1992,AL,5,Jack Morris,TOR,10,1,7%,2.8,21,6,0.778,4.04,34,34,0,6,1,0,240.2,222,114,108,18,80,2,132,10,2,9,1005,1.255,101
0,1992,AL,6,Kevin Brown,TEX,9,0,6%,4.8,21,11,0.656,3.32,35,35,0,11,1,0,265.2,262,117,98,11,76,2,173,10,2,8,1108,1.272,116
0,1992,AL,7,Charles Nagy,CLE,1,0,1%,6,17,10,0.63,2.96,33,33,0,10,3,0,252,245,91,83,11,57,1,169,2,0,7,1018,1.198,132
1,1992,NL,1,Greg Maddux,CHC,112,20,93%,9.1,20,11,0.645,2.18,35,35,0,9,4,0,268,201,68,65,7,70,7,199,14,0,5,1061,1.011,166
0,1992,NL,2,Tom Glavine,ATL,78,4,65%,3.7,20,8,0.714,2.76,33,33,0,7,5,0,225,197,81,69,6,70,7,129,2,0,5,919,1.187,134
0,1992,NL,3,Bob Tewksbury,STL,22,0,18%,6.4,16,5,0.762,2.16,33,32,1,5,0,0,233,217,63,56,15,20,0,91,3,0,2,915,1.017,158
0,1992,NL,4,Lee Smith,STL,3,0,3%,0.6,4,9,0.308,3.12,70,0,55,0,0,43,75,62,28,26,4,26,4,60,0,0,2,310,1.173,110
0,1992,NL,5,Doug Drabek,PIT,1,0,1%,5.3,15,11,0.577,2.77,34,34,0,10,4,0,256.2,218,84,79,17,54,8,177,6,1,11,1021,1.06,126
1,1991,AL,1,Roger Clemens,BOS,119,21,85%,7.9,18,10,0.643,2.62,35,35,0,13,4,0,271.1,219,93,79,15,65,12,241,5,0,6,1077,1.047,165
0,1991,AL,2,Scott Erickson,MIN,56,3,40%,4.4,20,8,0.714,3.18,32,32,0,5,3,0,204,189,80,72,13,71,3,108,6,0,4,851,1.275,135
0,1991,AL,3,Jim Abbott,CAL,26,0,19%,7.6,18,11,0.621,2.89,34,34,0,5,1,0,243,222,85,78,14,73,6,158,5,4,1,1002,1.214,142
0,1991,AL,4,Jack Morris,MIN,17,3,12%,4.3,18,12,0.6,3.43,35,35,0,10,2,0,246.2,226,107,94,18,92,5,163,5,1,15,1032,1.289,125
0,1991,AL,5,Bryan Harvey,CAL,10,0,7%,3.4,2,4,0.333,1.6,67,0,63,0,0,46,78.2,51,20,14,6,17,3,101,1,2,2,309,0.864,257
0,1991,AL,6,Mark Langston,CAL,7,0,5%,7.3,19,8,0.704,3,34,34,0,7,0,0,246.1,190,89,82,30,96,3,183,2,0,6,992,1.161,137
0,1991,AL,7,Kevin Tapani,MIN,6,1,4%,6.8,16,9,0.64,2.99,34,34,0,4,1,0,244,225,84,81,23,40,0,135,2,3,3,974,1.086,143
0,1991,AL,8,Bill Gullickson,DET,5,0,4%,2,20,9,0.69,3.9,35,35,0,4,0,0,226.1,256,109,98,22,44,13,91,4,0,4,954,1.325,108
0,1991,AL,9,Jack McDowell,CHW,3,0,2%,4.3,17,10,0.63,3.41,35,35,0,15,3,0,253.2,212,97,96,19,82,2,191,4,1,10,1028,1.159,117
0,1991,AL,9,Duane Ward,TOR,3,0,2%,2.7,7,6,0.538,2.77,81,0,46,0,0,23,107.1,80,36,33,3,33,3,132,2,0,6,428,1.053,153
1,1991,NL,1,Tom Glavine,ATL,110,19,92%,8.5,20,11,0.645,2.55,34,34,0,9,1,0,246.2,201,83,70,17,69,6,192,2,2,10,989,1.095,153
0,1991,NL,2,Lee Smith,STL,60,4,50%,2.3,6,3,0.667,2.34,67,0,61,0,0,47,73,70,19,19,5,13,5,67,0,0,1,300,1.137,158
0,1991,NL,3,John Smiley,PIT,26,0,22%,3.5,20,8,0.714,3.08,33,32,0,2,1,0,207.2,194,78,71,17,44,0,129,3,1,3,836,1.146,116
0,1991,NL,4,Jose Rijo,CIN,13,1,11%,5.5,15,6,0.714,2.51,30,30,0,3,1,0,204.1,165,69,57,8,55,4,172,3,4,2,825,1.077,153
0,1991,NL,5,Dennis Martinez,MON,4,0,3%,5.8,14,11,0.56,2.39,31,31,0,9,5,0,222,187,70,59,9,62,3,123,4,0,3,905,1.122,153
0,1991,NL,6,Steve Avery,ATL,1,0,1%,5.2,18,8,0.692,3.38,35,35,0,3,1,0,210.1,189,89,79,21,65,0,137,3,1,4,868,1.208,116
0,1991,NL,6,Andy Benes,SDP,1,0,1%,4.4,15,11,0.577,3.03,33,33,0,4,1,0,223,194,76,75,23,59,7,167,4,4,3,908,1.135,126
0,1991,NL,6,Mitch Williams,PHI,1,0,1%,2.9,12,5,0.706,2.34,69,0,60,0,0,30,88.1,56,24,23,4,62,5,84,8,1,4,386,1.336,157
1,1990,AL,1,Bob Welch,OAK,107,15,76%,2.9,27,6,0.818,2.95,35,35,0,2,2,0,238,214,90,78,26,77,4,127,5,2,2,979,1.223,125
0,1990,AL,2,Roger Clemens,BOS,77,8,55%,10.4,21,6,0.778,1.93,31,31,0,7,4,0,228.1,193,59,49,7,54,3,209,7,0,8,920,1.082,211
0,1990,AL,3,Dave Stewart,OAK,43,3,31%,5.2,22,11,0.667,2.56,36,36,0,11,4,0,267,226,84,76,16,83,1,166,5,0,8,1088,1.157,144
0,1990,AL,4,Bobby Thigpen,CHW,20,2,14%,3.5,4,6,0.4,1.83,77,0,73,0,0,57,88.2,60,20,18,5,32,3,70,1,0,2,347,1.038,211
0,1990,AL,5,Dennis Eckersley,OAK,2,0,1%,3.3,4,2,0.667,0.61,63,0,61,0,0,48,73.1,41,9,5,2,4,1,73,0,0,0,262,0.614,603
0,1990,AL,5,Dave Stieb,TOR,2,0,1%,5.9,18,6,0.75,2.93,33,33,0,2,2,0,208.2,179,73,68,11,64,0,125,10,0,5,861,1.165,140
0,1990,AL,7,Chuck Finley,CAL,1,0,1%,7.7,18,9,0.667,2.4,32,32,0,7,2,0,236,210,77,63,17,81,3,177,2,0,9,962,1.233,158
1,1990,NL,1,Doug Drabek,PIT,118,23,98%,4.2,22,6,0.786,2.76,33,33,0,9,3,0,231.1,190,78,71,15,56,2,131,3,0,6,918,1.063,131
0,1990,NL,2,Ramon Martinez,LAD,70,1,58%,3.9,20,6,0.769,2.92,33,33,0,12,3,0,234.1,191,89,76,22,67,5,223,4,3,3,950,1.101,126
0,1990,NL,3,Frank Viola,NYM,19,0,16%,6.4,20,12,0.625,2.67,35,35,0,7,3,0,249.2,227,83,74,15,60,2,182,2,0,11,1016,1.15,141
0,1990,NL,4,Dwight Gooden,NYM,8,0,7%,2.5,19,7,0.731,3.83,34,34,0,2,1,0,232.2,229,106,99,10,70,3,223,7,3,6,983,1.285,98
0,1990,NL,5,Randy Myers,CIN,1,0,1%,3.1,4,6,0.4,2.08,66,0,59,0,0,31,86.2,59,24,20,6,38,8,98,3,1,2,353,1.119,193
1,1989,AL,1,Bret Saberhagen,KCR,138,27,99%,9.7,23,6,0.793,2.16,36,35,0,12,4,0,262.1,209,74,63,13,43,6,193,2,1,8,1021,0.961,180
0,1989,AL,2,Dave Stewart,OAK,80,1,57%,3.8,21,9,0.7,3.32,36,36,0,8,0,0,257.2,260,105,95,23,69,0,155,6,0,13,1081,1.277,112
0,1989,AL,3,Mike Moore,OAK,10,0,7%,5.4,19,11,0.633,2.61,35,35,0,6,3,0,241.2,193,82,70,14,83,1,172,2,0,17,976,1.142,142
0,1989,AL,4,Bert Blyleven,CAL,9,0,6%,6,17,5,0.773,2.73,33,33,0,8,5,0,241,225,76,73,14,44,2,131,8,0,2,973,1.116,140
0,1989,AL,5,Nolan Ryan,TEX,5,0,4%,5.1,16,10,0.615,3.2,32,32,0,6,2,0,239.1,162,96,85,17,98,3,301,9,1,19,988,1.086,124
0,1989,AL,6,Jeff Ballard,BAL,3,0,2%,2.5,18,8,0.692,3.43,35,35,0,4,1,0,215.1,240,95,82,16,57,5,62,4,0,3,912,1.379,110
0,1989,AL,6,Dennis Eckersley,OAK,3,0,2%,2.6,4,0,1,1.56,51,0,46,0,0,33,57.2,32,10,10,5,3,0,55,1,0,0,206,0.607,239
0,1989,AL,6,Gregg Olson,BAL,3,0,2%,3.3,5,2,0.714,1.69,64,0,52,0,0,27,85,57,17,16,1,46,10,90,1,3,9,356,1.212,224
0,1989,AL,9,Jeff Russell,TEX,1,0,1%,2.5,6,4,0.6,1.98,71,0,66,0,0,38,72.2,45,21,16,4,24,5,77,3,0,6,278,0.95,201
1,1989,NL,1,Mark Davis,SDP,107,19,89%,4.4,4,3,0.571,1.85,70,0,65,0,0,44,92.2,66,21,19,6,31,1,92,2,0,8,370,1.047,191
0,1989,NL,2,Mike Scott,HOU,65,4,54%,2.8,20,10,0.667,3.1,33,32,1,9,2,0,229,180,87,79,23,62,12,172,3,0,7,924,1.057,110
0,1989,NL,3,Greg Maddux,CHC,17,0,14%,5,19,12,0.613,2.95,35,35,0,7,1,0,238.1,222,90,78,13,82,13,135,6,3,5,1002,1.276,129
0,1989,NL,4,Orel Hershiser,LAD,7,1,6%,7,15,15,0.5,2.31,35,33,0,8,4,0,256.2,226,75,66,9,77,14,178,3,4,8,1047,1.181,149
0,1989,NL,4,Joe Magrane,STL,7,0,6%,3.5,18,9,0.667,2.91,34,33,1,9,3,0,234.2,219,81,76,5,72,7,127,6,5,14,971,1.24,124
0,1989,NL,6,Tim Belcher,LAD,4,0,3%,4.1,15,12,0.556,2.82,39,30,6,10,8,1,230,182,81,72,20,80,5,200,7,2,7,937,1.139,122
0,1989,NL,6,Scott Garrelts,SFG,4,0,3%,4,14,5,0.737,2.28,30,29,0,2,1,0,193.1,149,58,49,11,46,3,119,0,2,7,766,1.009,148
0,1989,NL,8,Rick Reuschel,SFG,3,0,3%,2.7,17,8,0.68,2.94,32,32,0,2,0,0,208.1,195,75,68,18,54,4,111,2,0,1,860,1.195,115
0,1989,NL,9,Mike Bielecki,CHC,1,0,1%,4.3,18,7,0.72,3.14,33,33,0,4,3,0,212.1,187,82,74,16,81,8,147,0,4,9,882,1.262,121
0,1989,NL,9,Mitch Williams,CHC,1,0,1%,2.3,4,4,0.5,2.76,76,0,61,0,0,36,81.2,71,27,25,6,52,4,67,8,4,6,365,1.506,138
1,1988,AL,1,Frank Viola,MIN,138,27,99%,7.7,24,7,0.774,2.64,35,35,0,7,2,0,255.1,236,80,75,20,54,2,193,3,1,5,1031,1.136,154
0,1988,AL,2,Dennis Eckersley,OAK,52,1,37%,2.3,4,2,0.667,2.35,60,0,53,0,0,45,72.2,52,20,19,5,11,2,70,1,2,0,279,0.867,163
0,1988,AL,3,Mark Gubicza,KCR,26,0,19%,7.8,20,8,0.714,2.7,35,35,0,8,4,0,269.2,237,94,81,11,83,3,183,6,4,12,1111,1.187,149
0,1988,AL,4,Dave Stewart,OAK,16,0,11%,4.4,21,12,0.636,3.23,37,37,0,14,2,0,275.2,240,111,99,14,110,5,192,3,16,14,1156,1.27,118
0,1988,AL,5,Bruce Hurst,BOS,12,0,9%,3.4,18,6,0.75,3.66,33,32,0,7,1,0,216.2,222,98,88,21,65,1,166,2,3,5,922,1.325,113
0,1988,AL,6,Roger Clemens,BOS,8,0,6%,7.1,18,12,0.6,2.93,35,35,0,14,8,0,264,217,93,86,17,62,4,291,6,7,4,1063,1.057,141
1,1988,NL,1,Orel Hershiser,LAD,120,24,100%,7.2,23,8,0.742,2.26,35,34,1,15,8,1,267,208,73,67,18,73,10,178,4,5,6,1068,1.052,149
0,1988,NL,2,Danny Jackson,CIN,54,0,45%,5,23,8,0.742,2.73,35,35,0,15,6,0,260.2,206,86,79,13,71,6,161,2,2,5,1034,1.063,132
0,1988,NL,3,David Cone,NYM,42,0,35%,5.5,20,3,0.87,2.22,35,28,0,8,4,0,231.1,178,67,57,10,80,7,213,4,10,10,936,1.115,145
1,1987,AL,1,Roger Clemens,BOS,124,21,89%,9.4,20,9,0.69,2.97,36,36,0,18,7,0,281.2,248,100,93,19,83,4,256,9,3,4,1157,1.175,154
0,1987,AL,2,Jimmy Key,TOR,64,4,46%,7.4,17,8,0.68,2.76,36,36,0,8,1,0,261,210,93,80,24,66,6,161,2,5,8,1033,1.057,164
0,1987,AL,3,Dave Stewart,OAK,32,2,23%,4.3,20,13,0.606,3.68,37,37,0,8,1,0,261.1,224,121,107,24,105,2,205,6,0,11,1103,1.259,113
0,1987,AL,4,Doyle Alexander,DET,8,1,6%,4.4,9,0,1,1.53,11,11,0,3,3,0,88.1,63,16,15,3,26,0,44,0,0,1,340,1.008,279
0,1987,AL,5,Mark Langston,SEA,7,0,5%,5.9,19,13,0.594,3.84,35,35,0,14,3,0,272,242,132,116,30,114,0,262,5,2,9,1152,1.309,124
0,1987,AL,6,Teddy Higuera,MIL,5,0,4%,6.3,18,10,0.643,3.85,35,35,0,14,3,0,261.2,236,120,112,24,87,2,240,2,2,4,1084,1.234,119
0,1987,AL,6,Frank Viola,MIN,5,0,4%,8.1,17,10,0.63,2.9,36,36,0,7,1,0,251.2,230,91,81,29,66,1,197,6,1,1,1037,1.176,159
0,1987,AL,8,Jeff Reardon,MIN,4,0,3%,0.7,8,8,0.5,4.48,63,0,58,0,0,31,80.1,70,41,40,14,28,4,83,3,0,2,337,1.22,103
0,1987,AL,9,Jack Morris,DET,3,0,2%,5.1,18,11,0.621,3.38,34,34,0,13,0,0,266,227,111,100,39,93,7,208,1,1,24,1101,1.203,126
1,1987,NL,1,Steve Bedrosian,PHI,57,9,48%,2.3,5,3,0.625,2.83,65,0,56,0,0,40,89,79,31,28,11,28,5,74,1,1,3,366,1.202,151
0,1987,NL,2,Rick Sutcliffe,CHC,55,4,46%,6,18,10,0.643,3.68,34,34,0,6,1,0,237.1,223,106,97,24,106,14,174,4,4,9,1012,1.386,116
0,1987,NL,3,Rick Reuschel,TOT,54,8,45%,3.9,13,9,0.591,3.09,34,33,0,12,4,0,227,207,91,78,13,42,3,107,8,0,7,920,1.097,131
0,1987,NL,4,Orel Hershiser,LAD,14,2,12%,6.4,16,16,0.5,3.06,37,35,2,10,1,1,264.2,247,105,90,17,74,5,190,9,2,11,1093,1.213,131
0,1987,NL,5,Dwight Gooden,NYM,12,1,10%,3.7,15,7,0.682,3.21,25,25,0,7,3,0,179.2,162,68,64,11,53,2,148,2,1,1,730,1.197,119
0,1987,NL,5,Nolan Ryan,HOU,12,0,10%,5.4,8,16,0.333,2.76,34,34,0,0,0,0,211.2,154,75,65,14,87,2,270,4,2,10,873,1.139,142
0,1987,NL,7,Mike Scott,HOU,9,0,8%,5.9,16,13,0.552,3.23,36,36,0,8,3,0,247.2,199,94,89,21,79,6,233,4,2,10,1010,1.122,121
0,1987,NL,8,Bob Welch,LAD,3,0,3%,7.1,15,9,0.625,3.22,35,35,0,6,4,0,251.2,204,94,90,21,86,6,196,4,4,4,1027,1.152,125
1,1986,AL,1,Roger Clemens,BOS,140,28,100%,8.8,24,4,0.857,2.48,33,33,0,10,1,0,254,179,77,70,21,67,0,238,4,3,11,997,0.969,169
0,1986,AL,2,Teddy Higuera,MIL,42,0,30%,9.4,20,11,0.645,2.79,34,34,0,15,4,0,248.1,226,84,77,26,74,5,207,3,0,3,1031,1.208,156
0,1986,AL,3,Mike Witt,CAL,35,0,25%,6.1,18,10,0.643,2.84,34,34,0,14,3,0,269,218,95,85,22,73,2,208,3,0,6,1071,1.082,144
0,1986,AL,4,Dave Righetti,NYY,20,0,14%,3.8,8,8,0.5,2.45,74,0,68,0,0,46,106.2,88,31,29,4,35,7,83,2,0,1,435,1.153,168
0,1986,AL,5,Jack Morris,DET,13,0,9%,5.1,21,8,0.724,3.27,35,35,0,15,6,0,267,229,105,97,40,82,7,223,0,0,12,1092,1.165,127
0,1986,AL,6,Mark Eichhorn,TOR,2,0,1%,7.3,14,6,0.7,1.72,69,0,38,0,0,10,157,105,32,30,8,45,14,166,7,1,2,612,0.955,246
1,1986,NL,1,Mike Scott,HOU,98,15,82%,8.4,18,10,0.643,2.22,37,37,0,7,5,0,275.1,182,73,68,17,72,6,306,2,0,3,1065,0.923,161
0,1986,NL,2,Fernando Valenzuela,LAD,88,9,73%,5.4,21,11,0.656,3.14,34,34,0,20,3,0,269.1,226,104,94,18,85,5,242,1,0,13,1102,1.155,110
0,1986,NL,3,Mike Krukow,SFG,15,0,13%,3.4,20,9,0.69,3.05,34,34,0,10,2,0,245,204,90,83,24,55,4,178,4,0,4,987,1.057,116
0,1986,NL,4,Bob Ojeda,NYM,9,0,8%,4.7,18,5,0.783,2.57,32,30,1,7,2,0,217.1,185,72,62,15,52,3,148,2,1,2,871,1.09,140
0,1986,NL,5,Ron Darling,NYM,2,0,2%,4.6,15,6,0.714,2.81,34,34,0,4,2,0,237,203,84,74,21,81,2,184,3,3,7,967,1.198,128
0,1986,NL,5,Rick Rhoden,PIT,2,0,2%,6.6,15,12,0.556,2.84,34,34,0,12,1,0,253.2,211,82,80,17,76,8,159,2,4,6,1015,1.131,135
0,1986,NL,7,Sid Fernandez,NYM,1,0,1%,2.6,16,6,0.727,3.52,32,31,1,2,1,1,204.1,161,82,80,13,91,1,200,2,0,6,855,1.233,102
0,1986,NL,7,Dwight Gooden,NYM,1,0,1%,4.5,17,6,0.739,2.84,33,33,0,12,2,0,250,197,92,79,17,80,3,200,4,4,4,1020,1.108,126
1,1985,AL,1,Bret Saberhagen,KCR,127,23,91%,7.1,20,6,0.769,2.87,32,32,0,10,1,0,235.1,211,79,75,19,38,1,158,1,3,1,931,1.058,143
0,1985,AL,2,Ron Guidry,NYY,88,4,63%,4.5,22,6,0.786,3.27,34,33,0,11,2,0,259,243,104,94,28,42,3,143,0,1,3,1033,1.1,123
0,1985,AL,3,Bert Blyleven,TOT,9,1,6%,6.7,17,16,0.515,3.16,37,37,0,24,5,0,293.2,264,121,103,23,75,1,206,9,1,4,1203,1.154,134
0,1985,AL,3,Dan Quisenberry,KCR,9,0,6%,4.2,8,9,0.471,2.37,84,0,76,0,0,37,129,142,41,34,8,16,5,54,1,0,0,532,1.225,174
0,1985,AL,5,Charlie Leibrandt,KCR,7,0,5%,6.6,17,9,0.654,2.69,33,33,0,8,3,0,237.2,223,86,71,17,68,3,108,2,3,4,983,1.224,153
0,1985,AL,6,Doyle Alexander,TOR,5,0,4%,4.8,17,10,0.63,3.45,36,36,0,6,1,0,260.2,268,105,100,28,67,0,142,6,0,9,1090,1.285,123
0,1985,AL,7,Britt Burns,CHW,2,0,1%,4.2,18,11,0.621,3.96,36,34,1,8,4,0,227,206,105,100,26,79,1,172,2,0,2,944,1.256,109
0,1985,AL,7,Donnie Moore,CAL,2,0,1%,3.6,8,8,0.5,1.92,65,0,57,0,0,31,103,91,28,22,9,21,3,72,0,0,2,417,1.087,217
0,1985,AL,7,Dave Stieb,TOR,2,0,1%,6.8,14,13,0.519,2.48,36,36,0,8,2,0,265,206,89,73,22,96,3,167,9,1,4,1087,1.14,171
0,1985,AL,10,Mike Moore,SEA,1,0,1%,6.3,17,10,0.63,3.46,35,34,1,14,2,0,247,230,100,95,18,70,2,155,4,3,10,1016,1.215,121
1,1985,NL,1,Dwight Gooden,NYM,120,24,100%,12.2,24,4,0.857,1.53,35,35,0,16,8,0,276.2,198,51,47,13,69,4,268,2,2,6,1065,0.965,229
0,1985,NL,2,John Tudor,STL,65,0,54%,8.1,21,8,0.724,1.93,36,36,0,14,10,0,275,209,68,59,14,49,4,169,5,0,4,1062,0.938,185
0,1985,NL,3,Orel Hershiser,LAD,17,0,14%,5.9,19,3,0.864,2.03,36,34,1,9,5,0,239.2,179,72,54,8,68,5,157,6,0,5,953,1.031,171
0,1985,NL,4,Joaquin Andujar,STL,6,0,5%,2.2,21,12,0.636,3.4,38,38,0,10,2,0,269.2,265,113,102,15,82,12,112,11,0,2,1127,1.287,105
0,1985,NL,5,Fernando Valenzuela,LAD,4,0,3%,5.4,17,10,0.63,2.45,35,35,0,14,5,0,272.1,211,92,74,14,101,5,208,1,1,10,1109,1.146,141
0,1985,NL,6,Tom Browning,CIN,3,0,3%,3.6,20,9,0.69,3.55,38,38,0,6,4,0,261.1,242,111,103,29,73,8,155,3,0,2,1083,1.205,106
0,1985,NL,7,Jeff Reardon,MON,1,0,1%,1.1,2,8,0.2,3.18,63,0,50,0,0,41,87.2,68,31,31,7,26,4,67,1,0,2,356,1.072,108
1,1984,AL,1,Willie Hernandez,DET,88,12,63%,4.8,9,3,0.75,1.92,80,0,68,0,0,32,140.1,96,30,30,6,36,8,112,4,0,2,548,0.941,204
0,1984,AL,2,Dan Quisenberry,KCR,71,9,51%,3.3,6,3,0.667,2.64,72,0,67,0,0,44,129.1,121,39,38,10,12,4,41,0,0,0,506,1.028,152
0,1984,AL,3,Bert Blyleven,CLE,45,4,32%,7.2,19,7,0.731,2.87,33,32,0,12,4,0,245,204,86,78,19,74,4,170,6,0,6,1004,1.135,144
0,1984,AL,4,Mike Boddicker,BAL,41,3,29%,5.2,20,11,0.645,2.79,34,34,0,16,4,0,261.1,218,95,81,23,81,1,128,5,1,6,1051,1.144,139
0,1984,AL,5,Dan Petry,DET,3,0,2%,3.5,18,8,0.692,3.24,35,35,0,7,2,0,233.1,231,94,84,21,66,4,144,3,0,7,968,1.273,121
0,1984,AL,6,Frank Viola,MIN,2,0,1%,4.5,18,12,0.6,3.21,35,35,0,10,4,0,257.2,225,101,92,28,73,1,149,4,1,6,1047,1.157,131
0,1984,AL,7,Jack Morris,DET,1,0,1%,2.5,19,11,0.633,3.6,35,35,0,9,1,0,240.1,221,108,96,20,87,7,148,2,0,14,1015,1.282,109
0,1984,AL,7,Dave Stieb,TOR,1,0,1%,7.9,16,8,0.667,2.83,35,35,0,11,2,0,267,215,87,84,19,88,1,198,11,0,2,1085,1.135,146
1,1984,NL,1,Rick Sutcliffe,CHC,120,24,100%,3.9,16,1,0.941,2.69,20,20,0,7,3,0,150.1,123,53,45,9,39,0,155,1,2,3,602,1.078,144
0,1984,NL,2,Dwight Gooden,NYM,45,0,38%,5.5,17,9,0.654,2.6,31,31,0,7,3,0,218,161,72,63,7,73,2,276,2,7,3,879,1.073,137
0,1984,NL,3,Bruce Sutter,STL,33,0,28%,4.5,5,7,0.417,1.54,71,0,63,0,0,45,122.2,109,26,21,9,23,4,77,1,0,2,477,1.076,227
0,1984,NL,4,Joaquin Andujar,STL,12,0,10%,3.4,20,14,0.588,3.34,36,36,0,12,4,0,261.1,218,104,97,20,70,13,147,7,4,6,1052,1.102,105
0,1984,NL,5,Rich Gossage,SDP,3,0,3%,1.7,10,6,0.625,2.9,62,0,51,0,0,25,102.1,75,34,33,6,36,4,84,1,2,2,412,1.085,124
0,1984,NL,6,Mario Soto,CIN,2,0,2%,4.5,18,7,0.72,3.53,33,33,0,13,0,0,237.1,181,102,93,26,87,6,185,5,0,3,971,1.129,107
1,1983,AL,1,LaMarr Hoyt,CHW,116,17,83%,3.7,24,10,0.706,3.66,36,36,0,11,1,0,260.2,236,115,106,27,31,4,148,1,1,1,1034,1.024,115
0,1983,AL,2,Dan Quisenberry,KCR,81,9,58%,5.5,5,3,0.625,1.94,69,0,62,0,0,45,139,118,35,30,6,11,2,48,0,0,0,536,0.928,210
0,1983,AL,3,Jack Morris,DET,38,2,27%,4,20,13,0.606,3.34,37,37,0,20,1,0,293.2,257,117,109,30,83,5,232,3,0,18,1204,1.158,117
0,1983,AL,4,Richard Dotson,CHW,9,0,6%,5.1,22,7,0.759,3.23,35,35,0,8,1,0,240,209,92,86,19,106,1,137,8,0,7,997,1.313,130
0,1983,AL,5,Ron Guidry,NYY,5,0,4%,5.3,21,9,0.7,3.42,31,31,0,21,3,0,250.1,232,99,95,26,60,3,156,2,2,4,1024,1.166,114
0,1983,AL,6,Scott McGregor,BAL,3,0,2%,5.3,18,7,0.72,3.18,36,36,0,12,2,0,260,271,101,92,24,45,2,86,1,0,0,1072,1.215,124
1,1983,NL,1,John Denny,PHI,103,20,86%,7.4,19,6,0.76,2.37,36,36,0,7,1,0,242.2,229,77,64,9,53,5,139,4,1,6,983,1.162,152
0,1983,NL,2,Mario Soto,CIN,61,2,51%,6.8,17,13,0.567,2.7,34,34,0,18,3,0,273.2,207,96,82,28,95,6,242,5,2,2,1114,1.104,140
0,1983,NL,3,Jesse Orosco,NYM,19,1,16%,3.8,13,7,0.65,1.47,62,0,42,0,0,17,110,76,27,18,3,38,7,84,1,2,1,432,1.036,248
0,1983,NL,4,Steve Rogers,MON,15,1,13%,3.6,17,12,0.586,3.23,36,36,0,13,5,0,273,258,108,98,14,78,12,146,5,0,6,1125,1.231,110
0,1983,NL,5,Larry McWilliams,PIT,7,0,6%,4.1,15,8,0.652,3.25,35,35,0,8,4,0,238,205,99,86,19,87,7,199,3,4,9,1002,1.227,114
0,1983,NL,6,Al Holland,PHI,4,0,3%,3.3,8,4,0.667,2.26,68,0,53,0,0,25,91.2,63,26,23,8,30,12,100,0,0,0,371,1.015,160
0,1983,NL,7,Craig McMurtry,ATL,3,0,3%,5.2,15,9,0.625,3.08,36,35,0,6,3,0,224.2,204,86,77,13,88,1,105,1,2,1,943,1.3,126
0,1983,NL,8,Bob Welch,LAD,2,0,2%,4.6,15,12,0.556,2.65,31,31,0,4,3,0,204,164,73,60,13,72,4,156,3,6,4,828,1.157,136
0,1983,NL,9,Nolan Ryan,HOU,1,0,1%,2.6,14,9,0.609,2.98,29,29,0,5,2,0,196.1,134,74,65,9,101,3,183,4,1,5,804,1.197,114
0,1983,NL,9,Lee Smith,CHC,1,0,1%,4.8,4,10,0.286,1.65,66,0,56,0,0,29,103.1,70,23,19,5,41,14,91,1,2,5,413,1.074,229
1,1982,AL,1,Pete Vuckovich,MIL,87,14,62%,2.8,18,6,0.75,3.34,30,30,0,9,1,0,223.2,234,96,83,14,102,1,105,5,0,6,971,1.502,114
0,1982,AL,2,Jim Palmer,BAL,59,4,42%,4.8,15,5,0.75,3.13,36,32,1,8,2,1,227,195,85,79,22,63,1,103,4,1,2,920,1.137,129
0,1982,AL,3,Dan Quisenberry,KCR,40,4,29%,3.3,9,7,0.563,2.57,72,0,68,0,0,35,136.2,126,43,39,12,12,2,46,0,0,1,529,1.01,159
0,1982,AL,4,Dave Stieb,TOR,36,5,26%,7.6,17,14,0.548,3.25,38,38,0,19,5,0,288.1,271,116,104,27,75,4,141,5,1,3,1187,1.2,138
0,1982,AL,5,Rick Sutcliffe,CLE,14,1,10%,5.7,14,8,0.636,2.96,34,27,3,6,1,1,216,174,81,71,16,98,2,142,4,1,6,887,1.259,140
0,1982,AL,6,Geoff Zahn,CAL,7,0,5%,2.8,18,8,0.692,3.73,34,34,0,12,4,0,229.1,225,100,95,18,65,5,81,4,0,2,944,1.265,109
0,1982,AL,7,Bill Caudill,SEA,4,0,3%,4.4,12,9,0.571,2.35,70,0,64,0,0,26,95.2,65,25,25,9,35,4,111,1,0,2,380,1.045,181
0,1982,AL,7,Bob Stanley,BOS,4,0,3%,4.6,12,7,0.632,3.1,48,0,33,0,0,14,168.1,161,60,58,11,50,6,83,4,0,2,694,1.253,140
0,1982,AL,9,Dan Petry,DET,1,0,1%,4.2,15,9,0.625,3.22,35,35,0,8,1,0,246,220,98,88,15,100,5,132,4,0,9,1031,1.301,126
1,1982,NL,1,Steve Carlton,PHI,112,20,93%,5.5,23,11,0.676,3.1,38,38,0,19,6,0,295.2,253,114,102,17,86,5,286,1,9,9,1193,1.147,119
0,1982,NL,2,Steve Rogers,MON,29,1,24%,7.6,19,8,0.704,2.4,35,35,0,14,4,0,277,245,84,74,12,65,7,179,6,0,3,1122,1.119,152
0,1982,NL,3,Bruce Sutter,STL,25,2,21%,0.9,9,8,0.529,2.9,70,0,58,0,0,36,102.1,88,38,33,8,34,13,61,3,0,5,424,1.192,126
0,1982,NL,3,Fernando Valenzuela,LAD,25,1,21%,5,19,13,0.594,2.87,37,37,0,18,4,0,285,247,105,91,13,83,12,199,2,0,4,1156,1.158,122
0,1982,NL,5,Phil Niekro,ATL,18,0,15%,3.1,17,4,0.81,3.61,35,35,0,4,2,0,234.1,225,106,94,23,73,1,144,3,1,4,969,1.272,104
0,1982,NL,6,Greg Minton,SFG,4,0,3%,5.4,10,4,0.714,1.83,78,0,66,0,0,30,123,108,29,25,5,42,17,58,2,0,7,496,1.22,196
0,1982,NL,7,Joaquin Andujar,STL,1,0,1%,5.8,15,10,0.6,2.47,38,37,1,9,5,0,265.2,237,85,73,11,50,7,137,7,2,3,1056,1.08,148
0,1982,NL,7,Gene Garber,ATL,1,0,1%,2.7,8,10,0.444,2.34,69,0,56,0,0,30,119.1,100,40,31,4,32,16,68,2,0,1,480,1.106,161
0,1982,NL,9,Mario Soto,CIN,0,0,0%,7.5,14,13,0.519,2.79,35,34,1,13,2,0,257.2,202,88,80,19,71,3,274,4,1,6,1033,1.06,132
1,1981,AL,1,Rollie Fingers,MIL,126,22,90%,4.2,6,3,0.667,1.04,47,0,41,0,0,28,78,55,9,9,3,13,5,61,1,0,1,297,0.872,333
0,1981,AL,2,Steve McCatty,OAK,84,6,60%,4.5,14,7,0.667,2.33,22,22,0,16,4,0,185.2,140,50,48,12,61,1,91,2,0,0,741,1.083,148
0,1981,AL,3,Jack Morris,DET,21,0,15%,3.4,14,7,0.667,3.05,25,25,0,15,1,0,198,153,69,67,14,78,11,97,2,2,2,798,1.167,124
0,1981,AL,4,Pete Vuckovich,MIL,8,0,6%,2,14,4,0.778,3.55,24,23,0,2,1,0,149.2,137,61,59,9,57,1,84,4,0,1,620,1.296,97
0,1981,AL,5,Rich Gossage,NYY,3,0,2%,2.3,3,2,0.6,0.77,32,0,30,0,0,20,46.2,22,6,4,2,14,1,48,1,0,1,173,0.771,465
0,1981,AL,5,Dennis Martinez,BAL,3,0,2%,1.7,14,5,0.737,3.32,25,24,0,9,2,0,179,173,84,66,10,62,1,88,2,1,6,753,1.313,110
0,1981,AL,7,Britt Burns,CHW,2,0,1%,3.9,10,6,0.625,2.64,24,23,0,5,1,0,156.2,139,52,46,14,49,1,108,6,1,1,651,1.2,135
0,1981,AL,7,Ron Guidry,NYY,2,0,1%,3.1,11,5,0.688,2.76,23,21,1,0,0,0,127,100,41,39,12,26,0,104,1,0,6,497,0.992,129
0,1981,AL,9,Larry Gura,KCR,1,0,1%,3.7,11,8,0.579,2.72,23,23,0,12,2,0,172.1,139,61,52,11,35,0,61,4,0,3,680,1.01,133
1,1981,NL,1,Fernando Valenzuela,LAD,70,8,58%,4.8,13,7,0.65,2.48,25,25,0,11,8,0,192.1,140,55,53,11,61,4,180,1,0,4,758,1.045,135
0,1981,NL,2,Tom Seaver,CIN,67,8,56%,4,14,2,0.875,2.54,23,23,0,6,1,0,166.1,120,51,47,10,66,8,87,3,0,5,671,1.118,140
0,1981,NL,3,Steve Carlton,PHI,50,5,42%,5.5,13,4,0.765,2.42,24,24,0,10,1,0,190,152,59,51,9,62,3,179,1,4,9,763,1.126,151
0,1981,NL,4,Nolan Ryan,HOU,28,3,23%,4.7,11,5,0.688,1.69,21,21,0,5,3,0,149,99,34,28,2,68,1,140,1,2,16,605,1.121,195
0,1981,NL,5,Bruce Sutter,STL,1,0,1%,1.6,3,5,0.375,2.62,48,0,36,0,0,25,82.1,64,24,24,5,24,8,57,1,1,0,328,1.069,136
1,1980,AL,1,Steve Stone,BAL,100,13,71%,4,25,7,0.781,3.23,37,37,0,9,1,0,250.2,224,103,90,22,101,3,149,6,0,7,1048,1.297,123
0,1980,AL,2,Mike Norris,OAK,91,13,65%,5.9,22,9,0.71,2.53,33,33,0,24,1,0,284.1,215,88,80,18,83,2,180,6,4,9,1135,1.048,149
0,1980,AL,3,Rich Gossage,NYY,37,2,26%,3.4,6,2,0.75,2.27,64,0,58,0,0,33,99,74,29,25,5,37,3,103,1,0,4,401,1.121,173
0,1980,AL,4,Tommy John,NYY,14,0,10%,4.1,22,9,0.71,3.43,36,36,0,16,6,0,265.1,270,115,101,13,56,1,78,6,0,5,1089,1.229,115
0,1980,AL,5,Dan Quisenberry,KCR,7,0,5%,2.4,12,7,0.632,3.09,75,0,68,0,0,33,128.1,129,47,44,5,27,15,37,1,0,1,528,1.216,130
0,1980,AL,6,Larry Gura,KCR,1,0,1%,6,18,10,0.643,2.95,36,36,0,16,4,0,283.1,272,107,93,20,76,6,113,5,0,2,1175,1.228,136
0,1980,AL,6,Scott McGregor,BAL,1,0,1%,4.5,20,8,0.714,3.32,36,36,0,12,4,0,252,254,101,93,16,58,3,119,2,2,3,1037,1.238,119
1,1980,NL,1,Steve Carlton,PHI,118,23,98%,10.2,24,9,0.727,2.34,38,38,0,13,3,0,304,243,87,79,15,90,12,286,2,7,17,1228,1.095,162
0,1980,NL,2,Jerry Reuss,LAD,55,1,46%,5.2,18,6,0.75,2.51,37,29,7,10,6,3,229.1,193,74,64,12,40,9,111,0,1,3,907,1.016,141
0,1980,NL,3,Jim Bibby,PIT,28,0,23%,3.5,19,6,0.76,3.32,35,34,1,6,1,0,238.1,210,95,88,20,88,3,144,6,3,5,985,1.25,111
0,1980,NL,4,Joe Niekro,HOU,11,0,9%,0.9,20,12,0.625,3.55,37,36,1,11,2,0,256,268,119,101,12,79,3,127,4,0,12,1096,1.355,93
0,1980,NL,5,Tug McGraw,PHI,1,0,1%,4.6,5,4,0.556,1.46,57,0,48,0,0,20,92.1,62,16,15,3,23,9,75,2,0,1,355,0.921,260
0,1980,NL,5,Steve Rogers,MON,1,0,1%,5.9,16,11,0.593,2.98,37,37,0,14,4,0,281,247,101,93,16,85,7,147,3,0,7,1151,1.181,120
0,1980,NL,5,Joe Sambito,HOU,1,0,1%,2,8,4,0.667,2.19,64,0,40,0,0,17,90.1,65,26,22,3,22,3,75,2,0,3,354,0.963,151
0,1980,NL,5,Mario Soto,CIN,1,0,1%,3,10,8,0.556,3.07,53,12,10,3,1,4,190.1,126,72,65,11,84,10,182,2,4,6,777,1.103,118
1,1979,AL,1,Mike Flanagan,BAL,136,26,97%,3.8,23,9,0.719,3.08,39,38,0,16,5,0,265.2,245,107,91,23,70,1,190,3,0,6,1085,1.186,131
0,1979,AL,2,Tommy John,NYY,51,1,36%,5.5,21,9,0.7,2.96,37,36,1,17,3,0,276.1,268,109,91,9,65,1,111,4,1,11,1116,1.205,137
0,1979,AL,3,Ron Guidry,NYY,26,1,19%,6.5,18,8,0.692,2.78,33,30,3,15,2,2,236.1,203,83,73,20,71,0,201,0,0,9,946,1.159,146
0,1979,AL,4,Jim Kern,TEX,25,0,18%,6.1,13,5,0.722,1.57,71,0,57,0,0,29,143,99,35,25,5,62,6,136,2,0,5,578,1.126,264
0,1979,AL,5,Mike Marshall,MIN,7,0,5%,4.4,10,15,0.4,2.65,90,1,84,0,0,32,142.2,132,47,42,8,48,2,81,4,1,8,586,1.262,166
0,1979,AL,6,Jerry Koosman,MIN,5,0,4%,7.2,20,13,0.606,3.38,37,36,0,10,2,0,263.2,268,108,99,19,83,4,157,3,1,2,1101,1.331,130
0,1979,AL,7,Dennis Eckersley,BOS,1,0,1%,7.2,17,10,0.63,2.99,33,33,0,17,2,0,246.2,234,89,82,29,59,4,150,6,1,1,1018,1.188,149
0,1979,AL,7,Aurelio Lopez,DET,1,0,1%,5.3,10,5,0.667,2.41,61,0,49,0,0,21,127,95,37,34,12,51,3,106,3,0,3,519,1.15,181
1,1979,NL,1,Bruce Sutter,CHC,72,10,60%,4.9,6,6,0.5,2.22,62,0,56,0,0,37,101.1,67,29,25,3,32,5,110,0,0,9,403,0.977,188
0,1979,NL,2,Joe Niekro,HOU,66,9,55%,3.5,21,11,0.656,3,38,38,0,11,5,0,263.2,221,102,88,17,107,1,119,7,0,19,1095,1.244,117
0,1979,NL,3,J.R. Richard,HOU,41,4,34%,5.6,18,13,0.581,2.71,38,38,0,19,4,0,292.1,220,98,88,13,98,5,313,3,1,19,1175,1.088,130
0,1979,NL,4,Tom Seaver,CIN,20,0,17%,3.3,16,6,0.727,3.14,32,32,0,9,5,0,215,187,85,75,16,61,6,131,0,0,4,868,1.153,121
0,1979,NL,5,Kent Tekulve,PIT,14,1,12%,3.2,10,8,0.556,2.75,94,0,67,0,0,31,134.1,109,46,41,5,49,20,75,2,0,4,550,1.176,142
0,1979,NL,6,Phil Niekro,ATL,3,0,3%,7.4,21,20,0.512,3.39,44,44,0,23,1,0,342,311,160,129,41,113,8,208,11,4,18,1436,1.24,119
1,1978,AL,1,Ron Guidry,NYY,140,28,100%,9.6,25,3,0.893,1.74,35,35,0,16,9,0,273.2,187,61,53,13,72,1,248,1,1,7,1057,0.946,208
0,1978,AL,2,Mike Caldwell,MIL,76,0,54%,8.2,22,9,0.71,2.36,37,34,1,23,6,1,293.1,258,90,77,14,54,3,131,7,1,8,1176,1.064,160
0,1978,AL,3,Jim Palmer,BAL,14,0,10%,6.4,21,12,0.636,2.46,38,38,0,19,6,0,296,246,94,81,19,97,1,138,1,1,5,1197,1.159,143
0,1978,AL,4,Dennis Eckersley,BOS,10,0,7%,7.3,20,8,0.714,2.99,35,35,0,16,3,0,268.1,258,99,89,30,71,8,162,7,0,3,1121,1.226,139
0,1978,AL,5,Rich Gossage,NYY,4,0,3%,3.2,10,11,0.476,2.01,63,0,55,0,0,27,134.1,87,41,30,9,59,8,122,2,0,5,543,1.087,181
0,1978,AL,6,Fergie Jenkins,TEX,2,0,1%,5.5,18,8,0.692,3.04,34,30,3,16,4,0,249,228,92,84,21,41,2,157,3,1,2,990,1.08,123
0,1978,AL,7,Ed Figueroa,NYY,1,0,1%,4,20,9,0.69,2.99,35,35,0,12,2,0,253,233,96,84,22,77,4,92,3,1,6,1038,1.225,122
0,1978,AL,7,Larry Gura,KCR,1,0,1%,4.5,16,4,0.8,2.72,35,26,1,8,2,0,221.2,183,73,67,13,60,3,81,4,1,1,890,1.096,141
0,1978,AL,7,Dennis Leonard,KCR,1,0,1%,3.9,21,17,0.553,3.33,40,40,0,20,4,0,294.2,283,125,109,27,78,7,183,9,0,12,1218,1.225,115
0,1978,AL,7,Mike Marshall,MIN,1,0,1%,3,10,12,0.455,2.45,54,0,51,0,0,21,99,80,31,27,3,37,1,56,1,0,2,404,1.182,158
0,1978,AL,7,Paul Splittorff,KCR,1,0,1%,2.8,19,13,0.594,3.4,39,38,0,13,2,0,262,244,113,99,22,60,2,76,3,0,3,1069,1.16,112
0,1978,AL,7,Bob Stanley,BOS,1,0,1%,4.3,15,2,0.882,2.6,52,3,35,0,0,10,141.2,142,50,41,5,34,5,38,1,0,0,578,1.242,160
1,1978,NL,1,Gaylord Perry,SDP,116,22,97%,4.3,21,6,0.778,2.73,37,37,0,5,2,0,260.2,241,96,79,9,66,8,154,2,3,4,1055,1.178,121
0,1978,NL,2,Burt Hooton,LAD,38,0,32%,5.1,19,10,0.655,2.71,32,32,0,10,3,0,236,196,74,71,17,61,4,104,0,0,3,942,1.089,130
0,1978,NL,3,Vida Blue,SFG,17,1,14%,5.8,18,10,0.643,2.79,35,35,0,9,4,0,258,233,87,80,12,70,4,171,0,0,5,1042,1.174,123
0,1978,NL,4,J.R. Richard,HOU,13,1,11%,4.1,18,11,0.621,3.11,36,36,0,16,3,0,275.1,192,104,95,12,141,4,303,2,3,16,1139,1.209,106
0,1978,NL,5,Kent Tekulve,PIT,12,0,10%,3.4,8,7,0.533,2.33,91,0,65,0,0,31,135.1,115,44,35,5,55,18,77,2,0,5,573,1.256,160
0,1978,NL,6,Phil Niekro,ATL,10,0,8%,10,19,18,0.514,2.88,44,42,1,22,4,1,334.1,295,129,107,16,102,5,248,13,3,11,1389,1.187,142
0,1978,NL,7,Ross Grimsley,MON,7,0,6%,1.8,20,11,0.645,3.05,36,36,0,19,3,0,263,237,103,89,17,67,6,84,2,2,4,1068,1.156,115
0,1978,NL,8,Rollie Fingers,SDP,1,0,1%,2.5,6,13,0.316,2.52,67,0,62,0,0,37,107.1,84,33,30,4,29,12,72,1,0,2,434,1.053,132
0,1978,NL,8,Tommy John,LAD,1,0,1%,1.4,17,10,0.63,3.3,33,30,3,7,0,1,213,230,95,78,11,53,7,124,5,1,6,912,1.329,107
0,1978,NL,8,Don Robinson,PIT,1,0,1%,3.4,14,6,0.7,3.47,35,32,1,9,1,1,228.1,203,98,88,20,57,4,135,3,4,9,937,1.139,108
1,1977,AL,1,Sparky Lyle,NYY,56,9,40%,3.7,13,5,0.722,2.17,72,0,60,0,0,26,137,131,41,33,7,33,6,68,2,0,10,554,1.197,183
0,1977,AL,2,Jim Palmer,BAL,48,6,34%,7.3,20,11,0.645,2.91,39,39,0,22,3,0,319,263,106,103,24,99,1,193,3,0,7,1269,1.135,131
0,1977,AL,3,Nolan Ryan,CAL,46,6,33%,7.8,19,16,0.543,2.77,37,37,0,22,4,0,299,198,110,92,12,204,7,341,9,3,21,1272,1.344,141
0,1977,AL,4,Dennis Leonard,KCR,45,5,32%,5.6,20,12,0.625,3.04,38,37,1,21,5,1,292.2,246,117,99,18,79,0,244,8,2,14,1186,1.11,134
0,1977,AL,5,Bill Campbell,BOS,25,1,18%,4.7,13,9,0.591,2.96,69,0,60,0,0,31,140,112,48,46,13,60,10,114,5,1,3,583,1.229,153
0,1977,AL,6,Dave Goltz,MIN,19,1,14%,5.5,20,11,0.645,3.36,39,39,0,19,2,0,303,284,129,113,23,91,4,186,2,1,9,1253,1.238,119
0,1977,AL,7,Ron Guidry,NYY,5,0,4%,4.8,16,7,0.696,2.82,31,25,4,9,5,1,210.2,174,72,66,12,65,2,176,0,0,6,850,1.134,140
0,1977,AL,8,Dave Rozema,DET,4,0,3%,5.7,15,7,0.682,3.09,28,28,0,16,1,0,218.1,222,87,75,25,34,4,92,7,2,2,890,1.173,139
0,1977,AL,9,Frank Tanana,CAL,3,0,2%,8.3,15,9,0.625,2.54,31,31,0,20,7,0,241.1,201,72,68,19,61,2,205,12,1,8,973,1.086,154
1,1977,NL,1,Steve Carlton,PHI,104,17,87%,5.9,23,10,0.697,2.64,36,36,0,17,2,0,283,229,99,83,25,89,5,198,4,7,3,1135,1.124,153
0,1977,NL,2,Tommy John,LAD,54,3,45%,4.4,20,7,0.741,2.78,31,31,0,11,3,0,220.1,225,82,68,12,50,3,123,3,0,6,906,1.248,138
0,1977,NL,3,Rick Reuschel,CHC,18,1,15%,9.5,20,10,0.667,2.79,39,37,2,8,4,1,252,233,84,78,13,74,11,166,5,1,9,1030,1.218,158
0,1977,NL,3,Tom Seaver,TOT,18,2,15%,7.9,21,6,0.778,2.58,33,33,0,19,7,0,261.1,199,78,75,19,66,6,196,0,1,7,1031,1.014,149
0,1977,NL,5,John Candelaria,PIT,17,1,14%,7.4,20,5,0.8,2.34,33,33,0,6,1,0,230.2,197,64,60,29,50,2,133,2,2,1,917,1.071,169
0,1977,NL,6,Bruce Sutter,CHC,5,0,4%,6.5,7,3,0.7,1.34,62,0,48,0,0,31,107.1,69,21,16,5,23,7,129,1,0,7,411,0.857,328
1,1976,AL,1,Jim Palmer,BAL,108,19,90%,6.5,22,13,0.629,2.51,40,40,0,23,6,0,315,255,101,88,20,84,5,159,8,0,5,1256,1.076,130
0,1976,AL,2,Mark Fidrych,DET,51,5,43%,9.6,19,9,0.679,2.34,31,29,2,24,4,0,250.1,217,76,65,12,53,3,97,3,0,6,996,1.079,159
0,1976,AL,3,Frank Tanana,CAL,18,0,15%,7.5,19,10,0.655,2.43,34,34,0,23,2,0,288.1,212,88,78,24,73,5,261,9,0,5,1142,0.988,136
0,1976,AL,4,Ed Figueroa,NYY,12,0,10%,2.1,19,10,0.655,3.02,34,34,0,14,4,0,256.2,237,101,86,13,94,0,119,3,0,6,1081,1.29,115
0,1976,AL,5,Luis Tiant,BOS,10,0,8%,6.3,21,12,0.636,3.06,38,38,0,19,3,0,279,274,107,95,25,64,2,131,3,0,1,1136,1.211,129
0,1976,AL,6,Vida Blue,OAK,8,0,7%,7.6,18,13,0.581,2.35,37,37,0,20,6,0,298.1,268,90,78,9,63,3,166,1,1,5,1205,1.109,142
0,1976,AL,7,Bill Campbell,MIN,7,0,6%,1.9,17,5,0.773,3.01,78,0,68,0,0,20,167.2,145,63,56,9,62,11,115,5,0,7,703,1.235,120
0,1976,AL,8,Rollie Fingers,OAK,1,0,1%,3.8,13,11,0.542,2.47,70,0,62,0,0,20,134.2,118,40,37,3,40,10,113,7,0,2,559,1.173,136
0,1976,AL,8,Wayne Garland,BAL,1,0,1%,3.8,20,7,0.741,2.67,38,25,9,14,4,1,232.1,224,81,69,10,64,9,113,6,1,5,976,1.24,123
1,1976,NL,1,Randy Jones,SDP,96,15,80%,4.7,22,14,0.611,2.74,40,40,0,25,5,0,315.1,274,109,96,15,50,9,93,4,1,0,1251,1.027,119
0,1976,NL,2,Jerry Koosman,NYM,69,7,58%,4.7,21,10,0.677,2.69,34,32,0,17,3,0,247.1,205,81,74,19,66,7,200,1,1,3,994,1.096,121
0,1976,NL,3,Don Sutton,LAD,25,1,21%,3.1,21,10,0.677,3.06,35,34,1,15,4,0,267.2,231,98,91,22,82,6,161,3,1,4,1093,1.169,110
0,1976,NL,4,Steve Carlton,PHI,11,0,9%,3.9,20,7,0.741,3.13,35,35,0,13,2,0,252.2,224,94,88,19,72,4,195,1,3,8,1031,1.172,113
0,1976,NL,5,Rawly Eastwick,CIN,6,0,5%,2.8,11,5,0.688,2.09,71,0,59,0,0,26,107.2,93,30,25,3,27,3,70,2,0,1,439,1.115,168
0,1976,NL,6,Jon Matlack,NYM,5,1,4%,4.2,17,10,0.63,2.95,35,35,0,16,6,0,262,236,94,86,18,57,5,153,3,3,13,1054,1.118,111
0,1976,NL,7,J.R. Richard,HOU,2,0,2%,3.6,20,15,0.571,2.75,39,39,0,14,3,0,291,221,105,89,14,151,4,214,4,2,13,1218,1.278,116
0,1976,NL,8,Tom Seaver,NYM,1,0,1%,5.4,14,11,0.56,2.59,35,34,0,13,5,0,271,211,83,78,14,77,9,235,4,0,12,1079,1.063,126
1,1975,AL,1,Jim Palmer,BAL,98,15,82%,8.4,23,11,0.676,2.09,39,38,1,25,10,1,323,253,87,75,20,80,4,193,2,0,4,1268,1.031,169
0,1975,AL,2,Catfish Hunter,NYY,74,7,62%,8.1,23,14,0.622,2.58,39,39,0,30,7,0,328,248,107,94,25,83,4,177,5,0,7,1294,1.009,144
0,1975,AL,3,Rollie Fingers,OAK,25,2,21%,2.2,10,6,0.625,2.98,75,0,59,0,0,24,126.2,95,43,42,13,33,5,115,6,0,6,493,1.011,122
0,1975,AL,4,Jim Kaat,CHW,7,0,6%,7.7,20,14,0.588,3.11,43,41,1,12,1,0,303.2,321,121,105,20,77,0,142,9,2,0,1279,1.311,126
0,1975,AL,4,Frank Tanana,CAL,7,0,6%,7.4,16,9,0.64,2.62,34,33,1,16,5,0,257.1,211,80,75,21,73,6,269,7,1,8,1029,1.104,135
0,1975,AL,6,Vida Blue,OAK,2,0,2%,4.6,22,11,0.667,3.01,39,38,1,13,2,1,278,243,103,93,21,99,4,189,5,2,4,1153,1.23,121
0,1975,AL,6,Rich Gossage,CHW,2,0,2%,8.2,9,8,0.529,1.84,62,0,49,0,0,26,141.2,99,32,29,3,70,15,130,5,0,3,583,1.193,212
0,1975,AL,8,Rick Wise,BOS,1,0,1%,1.7,19,12,0.613,3.95,35,35,0,17,1,0,255.1,262,126,112,34,72,1,141,4,1,6,1091,1.308,105
1,1975,NL,1,Tom Seaver,NYM,98,15,82%,7.8,22,9,0.71,2.38,36,36,0,15,5,0,280.1,217,81,74,11,88,6,243,4,1,7,1115,1.088,146
0,1975,NL,2,Randy Jones,SDP,80,7,67%,7.5,20,12,0.625,2.24,37,36,1,18,6,0,285,242,94,71,17,56,9,103,0,0,1,1124,1.046,156
0,1975,NL,3,Al Hrabosky,STL,33,2,28%,3.9,13,3,0.813,1.66,65,0,41,0,0,22,97.1,72,27,18,3,33,8,82,1,0,3,393,1.079,228
0,1975,NL,4,John Montefusco,SFG,2,0,2%,6.8,15,9,0.625,2.88,35,34,1,10,4,0,243.2,210,85,78,11,86,12,215,8,2,6,1018,1.215,133
0,1975,NL,5,Don Gullett,CIN,1,0,1%,3.1,15,4,0.789,2.42,22,22,0,8,3,0,159.2,127,49,43,11,56,4,98,2,1,3,648,1.146,149
0,1975,NL,5,Andy Messersmith,LAD,1,0,1%,6.5,19,14,0.576,2.29,42,40,2,19,7,1,321.2,244,92,82,22,96,2,213,5,0,8,1276,1.057,149
0,1975,NL,5,Don Sutton,LAD,1,0,1%,3.5,16,13,0.552,2.87,35,35,0,11,4,0,254.1,202,87,81,17,62,5,175,3,0,7,1031,1.038,119
1,1974,AL,1,Catfish Hunter,OAK,90,12,75%,6.9,25,12,0.676,2.49,41,41,0,23,6,0,318.1,268,97,88,25,46,2,143,4,0,1,1240,0.986,134
0,1974,AL,2,Fergie Jenkins,TEX,75,10,63%,7.7,25,12,0.676,2.82,41,41,0,29,6,0,328.1,286,117,103,27,45,3,225,8,2,4,1305,1.008,126
0,1974,AL,3,Nolan Ryan,CAL,28,1,23%,5.9,22,16,0.579,2.89,42,41,1,26,3,0,332.2,221,127,107,18,202,3,367,9,0,9,1392,1.272,118
0,1974,AL,4,Gaylord Perry,CLE,8,1,7%,8.5,21,13,0.618,2.51,37,37,0,28,4,0,322.1,230,98,90,25,99,7,216,6,0,2,1262,1.021,144
0,1974,AL,4,Luis Tiant,BOS,8,0,7%,7.7,22,13,0.629,2.92,38,38,0,25,7,0,311.1,281,106,101,21,82,3,176,4,0,1,1266,1.166,133
0,1974,AL,6,Mike Cuellar,BAL,6,0,5%,3.4,22,10,0.688,3.11,38,38,0,20,5,0,269.1,253,106,93,17,86,4,106,2,0,2,1111,1.259,111
0,1974,AL,7,John Hiller,DET,1,0,1%,4.1,17,14,0.548,2.64,59,0,52,0,0,13,150,127,51,44,10,62,19,134,3,0,7,633,1.26,143
1,1974,NL,1,Mike Marshall,LAD,96,17,80%,3.1,15,12,0.556,2.42,106,0,83,0,0,21,208.1,191,66,56,9,56,1,143,1,3,5,857,1.186,141
0,1974,NL,2,Andy Messersmith,LAD,66,5,55%,5.3,20,6,0.769,2.59,39,39,0,13,3,0,292.1,227,93,84,24,94,0,221,3,3,6,1179,1.098,132
0,1974,NL,3,Phil Niekro,ATL,15,1,13%,7.9,20,13,0.606,2.38,41,39,1,18,6,1,302.1,249,91,80,19,88,3,195,6,4,6,1219,1.115,159
0,1974,NL,4,Don Sutton,LAD,12,1,10%,2.5,19,9,0.679,3.23,40,40,0,10,5,0,276,241,111,99,23,80,2,179,6,2,4,1148,1.163,106
0,1974,NL,5,Al Hrabosky,STL,9,0,8%,0.9,8,1,0.889,2.95,65,0,31,0,0,9,88.1,71,34,29,3,38,7,82,1,0,4,368,1.234,122
0,1974,NL,6,Jack Billingham,CIN,8,0,7%,-0.1,19,11,0.633,3.94,36,35,1,8,3,0,212.1,233,105,93,16,64,9,103,6,2,4,899,1.399,89
0,1974,NL,7,Don Gullett,CIN,5,0,4%,2.8,17,11,0.607,3.04,36,35,1,10,3,0,243,201,93,82,22,88,8,183,2,0,8,1010,1.189,115
0,1974,NL,8,Clay Carroll,CIN,2,0,2%,2.5,12,5,0.706,2.15,57,3,30,0,0,6,100.2,96,27,24,3,30,9,46,0,1,3,419,1.252,163
0,1974,NL,9,Buzz Capra,ATL,1,0,1%,5.4,16,8,0.667,2.28,39,27,6,11,5,1,217,163,67,55,13,84,6,137,3,1,7,886,1.138,166
0,1974,NL,9,Dave Giusti,PIT,1,0,1%,1.1,7,5,0.583,3.32,64,2,41,0,0,12,105.2,101,43,39,2,40,11,53,0,1,7,445,1.334,104
0,1974,NL,9,Lynn McGlothen,STL,1,0,1%,4.9,16,12,0.571,2.69,31,31,0,8,3,0,237.1,212,80,71,12,89,14,142,2,0,6,988,1.268,134
1,1973,AL,1,Jim Palmer,BAL,88,14,73%,6.3,22,9,0.71,2.4,38,37,1,19,6,1,296.1,225,86,79,16,113,5,158,3,0,7,1190,1.141,155
0,1973,AL,2,Nolan Ryan,CAL,62,9,52%,7.7,21,16,0.568,2.87,41,39,2,26,4,1,326,238,113,104,18,162,2,383,7,0,15,1355,1.227,123
0,1973,AL,3,Catfish Hunter,OAK,52,1,43%,1.8,21,5,0.808,3.34,36,36,0,11,3,0,256.1,222,105,95,39,69,1,124,1,0,2,1040,1.135,107
0,1973,AL,4,John Hiller,DET,6,0,5%,7.9,10,5,0.667,1.44,65,0,60,0,0,38,125.1,89,21,20,7,39,7,124,0,0,1,498,1.021,283
0,1973,AL,5,Wilbur Wood,CHW,3,0,3%,7.6,24,20,0.545,3.46,49,48,1,21,4,0,359.1,381,166,138,25,91,3,199,7,0,7,1531,1.314,116
0,1973,AL,6,Jim Colborn,MIL,2,0,2%,4.7,20,12,0.625,3.18,43,36,2,22,4,1,314.1,297,133,111,21,87,5,135,3,1,6,1287,1.222,118
0,1973,AL,7,Vida Blue,OAK,1,0,1%,2.1,20,9,0.69,3.28,37,37,0,13,4,0,263.2,214,108,96,26,105,2,158,4,2,15,1083,1.21,109
0,1973,AL,7,Bert Blyleven,MIN,1,0,1%,9.8,20,17,0.541,2.52,40,40,0,25,9,0,325,296,109,91,16,67,4,258,9,2,7,1321,1.117,156
0,1973,AL,7,Gaylord Perry,CLE,1,0,1%,7.8,19,19,0.5,3.38,41,41,0,29,7,0,344,315,143,129,34,115,9,238,5,0,17,1410,1.25,117
1,1973,NL,1,Tom Seaver,NYM,71,10,59%,10.6,19,10,0.655,2.08,36,36,0,18,3,0,290,219,74,67,23,64,5,251,4,0,5,1147,0.976,175
0,1973,NL,2,Mike Marshall,MON,54,9,45%,3,14,11,0.56,2.66,92,0,73,0,0,31,179,163,62,53,10,75,12,124,4,0,8,746,1.33,142
0,1973,NL,3,Ron Bryant,SFG,50,3,42%,3.5,24,12,0.667,3.53,41,39,1,8,0,0,270,240,125,106,23,115,12,143,9,1,8,1165,1.315,109
0,1973,NL,4,Jack Billingham,CIN,30,2,25%,3.1,19,10,0.655,3.04,40,40,0,16,7,0,293.1,257,112,99,20,95,10,155,10,0,10,1205,1.2,113
0,1973,NL,5,Don Sutton,LAD,7,0,6%,5.4,18,10,0.643,2.42,33,33,0,14,3,0,256.1,196,78,69,18,56,4,200,5,0,10,1006,0.983,144
0,1973,NL,6,Fred Norman,TOT,3,0,3%,2.5,13,13,0.5,3.6,36,35,1,8,3,0,240.1,208,102,96,27,101,11,161,2,1,10,1008,1.286,96
0,1973,NL,7,Dave Giusti,PIT,1,0,1%,2.6,9,2,0.818,2.37,67,0,60,0,0,20,98.2,89,31,26,9,37,13,64,0,0,3,416,1.277,149
1,1972,AL,1,Gaylord Perry,CLE,64,9,53%,10.8,24,16,0.6,1.92,41,40,1,29,5,1,342.2,253,79,73,17,82,16,234,12,0,11,1345,0.978,168
0,1972,AL,2,Wilbur Wood,CHW,58,7,48%,10.7,24,17,0.585,2.51,49,49,0,20,8,0,376.2,325,119,105,28,74,5,193,7,0,11,1490,1.059,126
0,1972,AL,3,Mickey Lolich,DET,27,3,23%,7.4,22,14,0.611,2.5,41,41,0,23,4,0,327.1,282,100,91,29,74,5,250,11,0,6,1321,1.088,127
0,1972,AL,4,Catfish Hunter,OAK,26,2,22%,5.7,21,7,0.75,2.04,38,37,1,16,5,0,295.1,200,74,67,21,70,6,191,3,0,3,1148,0.914,140
0,1972,AL,5,Jim Palmer,BAL,20,2,17%,5.2,21,10,0.677,2.07,36,36,0,18,3,0,274.1,219,73,63,21,70,1,184,1,1,4,1094,1.053,149
0,1972,AL,6,Luis Tiant,BOS,16,1,13%,6.5,15,6,0.714,1.91,43,19,12,12,6,3,179,128,45,38,7,65,5,123,0,0,0,713,1.078,169
0,1972,AL,7,Sparky Lyle,NYY,3,0,3%,3.6,9,5,0.643,1.92,59,0,56,0,0,35,107.2,84,25,23,3,29,7,75,0,0,5,427,1.05,154
0,1972,AL,8,Nolan Ryan,CAL,2,0,2%,6.2,19,16,0.543,2.28,39,39,0,20,9,0,284,166,80,72,14,157,4,329,10,0,18,1154,1.137,128
1,1972,NL,1,Steve Carlton,PHI,120,24,100%,12.1,27,10,0.73,1.97,41,41,0,30,8,0,346.1,257,84,76,17,87,8,310,1,2,8,1351,0.993,182
0,1972,NL,2,Steve Blass,PIT,35,0,29%,4,19,8,0.704,2.49,33,32,0,11,2,0,249.2,227,80,69,18,84,8,117,4,1,6,1024,1.246,135
0,1972,NL,3,Fergie Jenkins,CHC,23,0,19%,5.8,20,12,0.625,3.2,36,36,0,23,5,0,289.1,253,111,103,32,62,7,184,7,1,3,1176,1.089,118
0,1972,NL,4,Mike Marshall,MON,8,0,7%,4,14,8,0.636,1.78,65,0,56,0,0,18,116,82,26,23,3,47,7,95,2,2,8,465,1.112,198
0,1972,NL,5,Clay Carroll,CIN,6,0,5%,1.5,6,4,0.6,2.25,65,0,54,0,0,37,96,89,27,24,5,32,9,51,1,0,2,392,1.26,144
0,1972,NL,5,Gary Nolan,CIN,6,0,5%,3.3,15,5,0.75,1.99,25,25,0,6,2,0,176,147,48,39,13,30,5,90,1,0,5,689,1.006,162
0,1972,NL,5,Tom Seaver,NYM,6,0,5%,5.2,21,12,0.636,2.92,35,35,0,13,3,0,262,215,92,85,23,77,2,249,5,0,8,1060,1.115,115
0,1972,NL,5,Don Sutton,LAD,6,0,5%,6.6,19,9,0.679,2.08,33,33,0,18,9,0,272.2,186,78,63,13,63,1,207,4,1,9,1061,0.913,162
0,1972,NL,9,Bob Gibson,STL,3,0,3%,7.1,19,11,0.633,2.46,34,34,0,23,4,0,278,226,83,76,14,88,11,208,3,2,10,1119,1.129,139
0,1972,NL,9,Milt Pappas,CHC,3,0,3%,4.1,17,7,0.708,2.77,29,28,0,10,3,0,195,187,72,60,18,29,3,80,8,0,2,791,1.108,136
1,1971,AL,1,Vida Blue,OAK,98,14,82%,9,24,8,0.75,1.82,39,39,0,24,8,0,312,209,73,63,19,88,3,301,4,1,10,1207,0.952,183
0,1971,AL,2,Mickey Lolich,DET,85,9,71%,8.5,25,14,0.641,2.92,45,45,0,29,4,0,376,336,133,122,36,92,2,308,7,0,7,1538,1.138,124
0,1971,AL,3,Wilbur Wood,CHW,23,1,19%,11.7,22,13,0.629,1.91,44,42,2,22,7,1,334,272,95,71,21,62,2,210,7,0,6,1316,1,189
0,1971,AL,4,Dave McNally,BAL,8,0,7%,3.1,21,5,0.808,2.89,30,30,0,11,1,0,224.1,188,75,72,24,58,2,91,5,0,5,899,1.097,117
0,1971,AL,5,Dick Drago,KCR,1,0,1%,4.1,17,11,0.607,2.98,35,34,0,15,4,0,241.1,251,84,80,14,46,1,109,9,0,4,977,1.231,114
0,1971,AL,5,Andy Messersmith,CAL,1,0,1%,2.7,20,13,0.606,2.99,38,38,0,14,4,0,276.2,224,112,92,16,121,6,179,7,0,9,1170,1.247,108
1,1971,NL,1,Fergie Jenkins,CHC,97,17,81%,10.1,24,13,0.649,2.77,39,39,0,30,3,0,325,304,114,100,29,37,6,263,5,4,3,1299,1.049,141
0,1971,NL,2,Tom Seaver,NYM,61,6,51%,10.2,20,10,0.667,1.76,36,35,1,21,4,0,286.1,210,61,56,18,61,2,289,4,1,5,1103,0.946,194
0,1971,NL,3,Al Downing,LAD,40,1,33%,3.8,20,9,0.69,2.68,37,36,0,12,5,0,262.1,245,93,78,16,84,3,136,3,1,12,1095,1.254,121
0,1971,NL,4,Dock Ellis,PIT,9,0,8%,1.7,19,9,0.679,3.06,31,31,0,11,2,0,226.2,207,93,77,15,63,5,137,2,0,4,943,1.191,113
0,1971,NL,5,Bob Gibson,STL,3,0,3%,5,16,13,0.552,3.04,31,31,0,20,5,0,245.2,215,96,83,14,76,11,185,7,0,10,1026,1.185,119
0,1971,NL,6,Jerry Johnson,SFG,2,0,2%,0.9,12,9,0.571,2.97,67,0,47,0,0,18,109,93,42,36,9,48,9,85,1,2,6,469,1.294,116
0,1971,NL,6,Dave Roberts,SDP,2,0,2%,7.5,14,17,0.452,2.1,37,34,3,14,2,0,269.2,238,79,63,9,61,9,135,5,0,4,1086,1.109,157
0,1971,NL,8,Juan Marichal,SFG,1,0,1%,2.9,18,11,0.621,2.94,37,37,0,18,4,0,279,244,113,91,27,56,6,159,3,1,6,1124,1.075,117
0,1971,NL,8,Bill Stoneman,MON,1,0,1%,4.8,17,16,0.515,3.15,39,38,1,19,3,0,294.2,243,112,103,20,146,11,251,5,2,10,1243,1.32,112
1,1970,AL,1,Jim Perry,MIN,55,6,46%,3.8,24,12,0.667,3.04,40,40,0,13,4,0,278.2,258,112,94,20,57,10,168,9,0,3,1141,1.13,125
0,1970,AL,2,Dave McNally,BAL,47,5,39%,3.8,24,9,0.727,3.22,40,40,0,16,1,0,296,277,114,106,29,78,3,185,7,0,8,1218,1.199,113
0,1970,AL,3,Sam McDowell,CLE,45,4,38%,8.3,20,12,0.625,2.92,39,39,2,19,1,0,305,236,108,99,25,131,10,304,7,0,17,1257,1.203,134
0,1970,AL,4,Mike Cuellar,BAL,44,6,37%,2.7,24,8,0.75,3.48,40,40,0,21,4,0,297.2,273,126,115,34,69,5,190,1,1,6,1214,1.149,105
0,1970,AL,5,Jim Palmer,BAL,11,1,9%,6.4,20,10,0.667,2.71,39,39,0,17,5,0,305,263,98,92,21,100,4,199,1,3,10,1257,1.19,134
0,1970,AL,6,Clyde Wright,CAL,9,1,8%,3.7,22,12,0.647,2.83,39,39,0,7,2,0,260.2,226,97,82,24,88,4,110,7,0,8,1086,1.205,128
0,1970,AL,7,Ron Perranoski,MIN,5,1,4%,2.3,7,8,0.467,2.43,67,0,52,0,0,34,111,108,38,30,7,42,7,55,1,0,1,471,1.351,156
1,1970,NL,1,Bob Gibson,STL,118,23,98%,8.9,23,7,0.767,3.12,34,34,0,23,3,0,294,262,111,102,13,88,9,274,4,1,5,1213,1.19,133
0,1970,NL,2,Gaylord Perry,SFG,51,1,43%,7.6,23,13,0.639,3.2,41,41,0,23,5,0,328.2,292,138,117,27,84,8,214,8,0,11,1336,1.144,125
0,1970,NL,3,Fergie Jenkins,CHC,16,0,13%,7.3,22,16,0.579,3.39,40,39,1,24,3,0,313,265,128,118,30,60,6,274,7,0,9,1265,1.038,132
0,1970,NL,4,Dave Giusti,PIT,8,0,7%,1.7,9,3,0.75,3.06,66,1,47,0,0,26,103,98,38,35,7,39,9,85,0,0,5,428,1.33,128
0,1970,NL,4,Jim Merritt,CIN,8,0,7%,2,20,12,0.625,4.08,35,35,0,12,1,0,234,248,114,106,21,53,12,136,1,0,4,984,1.286,103
0,1970,NL,6,Gary Nolan,CIN,5,0,4%,4.7,18,7,0.72,3.27,37,37,0,4,2,0,250.2,226,102,91,25,96,9,181,1,2,8,1052,1.285,128
0,1970,NL,7,Tom Seaver,NYM,4,0,3%,5.8,18,12,0.6,2.82,37,36,1,19,2,0,290.2,230,103,91,21,83,8,283,4,0,6,1173,1.077,143
0,1970,NL,8,Wayne Granger,CIN,3,0,3%,1.7,6,5,0.545,2.66,67,0,59,0,0,35,84.2,79,33,25,5,27,8,38,1,0,3,352,1.252,158
0,1970,NL,9,Carl Morton,MON,2,0,2%,4.1,18,11,0.621,3.6,43,37,1,10,4,0,284.2,281,123,114,27,125,17,154,4,3,2,1218,1.426,114
0,1970,NL,10,Luke Walker,PIT,1,0,1%,3.1,15,6,0.714,3.04,42,19,13,5,3,3,163,129,56,55,6,89,8,124,1,0,6,684,1.337,128
1,1969,AL,1,Mike Cuellar,BAL,10,10,42%,4.4,23,11,0.676,2.38,39,39,0,18,5,0,290.2,213,94,77,18,79,7,182,1,2,3,1137,1.005,149
0,1969,AL,1,Denny McLain,DET,10,10,42%,8.1,24,9,0.727,2.8,42,41,0,23,9,0,325,288,105,101,25,67,7,181,4,2,5,1304,1.092,134
0,1969,AL,3,Jim Perry,MIN,3,3,13%,6.3,20,6,0.769,2.82,46,36,4,12,3,0,261.2,244,87,82,18,66,10,153,9,0,3,1079,1.185,131
0,1969,AL,4,Dave McNally,BAL,1,1,4%,2.4,20,7,0.741,3.22,41,40,0,11,4,0,268.2,232,103,96,21,84,6,166,5,1,4,1093,1.176,111
1,1969,NL,1,Tom Seaver,NYM,23,23,96%,7.2,25,7,0.781,2.21,36,35,1,18,5,0,273.1,202,75,67,24,82,9,208,7,1,8,1089,1.039,165
0,1969,NL,2,Phil Niekro,ATL,1,1,4%,6,23,13,0.639,2.56,40,35,4,21,4,1,284.1,235,93,81,21,57,7,193,5,0,15,1143,1.027,142
1,1968,AL,1,Denny McLain,DET,20,20,100%,7.4,31,6,0.838,1.96,41,41,0,28,6,0,336,241,86,73,31,63,2,280,6,0,3,1288,0.905,154
1,1968,NL,1,Bob Gibson,STL,20,20,100%,11.2,22,9,0.71,1.12,34,34,0,28,13,0,304.2,198,49,38,11,62,6,268,7,0,4,1161,0.853,258
1,1967,AL,1,Jim Lonborg,BOS,18,18,90%,4,22,9,0.71,3.16,39,39,0,15,2,0,273.1,228,102,96,23,83,5,246,19,1,12,1130,1.138,112
0,1967,AL,2,Joe Horlen,CHW,2,2,10%,5.5,19,7,0.731,2.06,35,35,0,13,6,0,258,188,66,59,13,58,4,103,4,0,5,995,0.953,146
1,1967,NL,1,Mike McCormick,SFG,18,18,90%,4.4,22,10,0.688,2.85,40,35,3,14,5,0,262.1,220,88,83,25,81,18,150,5,0,9,1073,1.147,118
0,1967,NL,2,Jim Bunning,PHI,1,1,5%,7.8,17,15,0.531,2.29,40,40,0,16,6,0,302.1,241,94,77,18,73,20,253,13,1,4,1216,1.039,149
0,1967,NL,2,Fergie Jenkins,CHC,1,1,5%,5,20,13,0.606,2.8,38,38,0,20,3,0,289.1,230,101,90,30,83,8,236,4,0,2,1156,1.082,127